hip,hd,vmag,bv,proper
677,358,2.07,-0.038,Alpheratz
746,432,2.28,0.380,Caph
1067,886,2.83,-0.190,Algenib
2021,2151,2.82,0.618,
2081,2261,2.40,1.083,Ankaa
3179,3712,2.24,1.170,Schedar
3419,4128,2.04,1.019,Diphda
4427,5394,2.15,-0.046,Cih
5447,6860,2.07,1.576,Mirach
6686,8538,2.66,0.160,Ruchbah
7588,10144,0.45,-0.158,Achernar
8903,11636,2.64,0.165,Sheratan
9236,12311,2.86,0.290,
9640,12533,2.10,1.370,Almach
9884,12929,2.01,1.151,Hamal
10064,13161,3.00,0.140,
11767,8890,1.97,0.636,Polaris
13847,18622,2.88,0.128,Acamar
14135,18884,2.54,1.630,Menkar
14328,18925,2.91,0.716,
14576,19356,2.09,-0.003,Algol
15863,20902,1.79,0.481,Mirfak
17702,23630,2.85,-0.086,Alcyone
18246,24398,2.84,0.271,
18532,24760,2.90,-0.199,
18543,25025,2.97,1.588,Zaurak
21421,29139,0.87,1.538,Aldebaran
23015,31398,2.69,1.490,Hassaleh
23875,33111,2.78,0.161,Cursa
24436,34085,0.18,-0.030,Rigel
24608,34029,0.08,0.795,Capella
25336,35468,1.64,-0.224,Bellatrix
25428,35497,1.65,-0.130,Elnath
25606,36079,2.81,0.807,Nihal
25930,36486,2.25,-0.175,Mintaka
25985,36673,2.58,0.211,Arneb
26241,37043,2.75,-0.210,Hatysa
26311,37128,1.69,-0.184,Alnilam
26451,37202,2.97,-0.148,Tianguan
26634,37795,2.65,-0.120,Phact
26727,37742,1.74,-0.199,Alnitak
27366,38771,2.07,-0.168,Saiph
27989,39801,0.45,1.500,Betelgeuse
28360,40183,1.90,0.077,Menkalinan
28380,40312,2.65,-0.083,Mahasim
30324,44743,1.98,-0.240,Mirzam
30343,44478,2.87,1.621,Tejat
30438,45348,-0.62,0.164,Canopus
31681,47105,1.93,0.001,Alhena
32349,48915,-1.44,0.009,Sirius
32768,50310,2.94,1.207,
33579,52089,1.50,-0.211,Adhara
34444,54605,1.83,0.671,Wezen
35264,56855,2.71,1.616,
35904,58350,2.45,-0.083,Aludra
36188,58715,2.89,-0.097,Gomeisa
36850,60179,1.58,0.034,Castor
37279,61421,0.40,0.432,Procyon
37826,62509,1.16,0.991,Pollux
39429,66811,2.21,-0.269,Naos
39757,67523,2.83,0.458,Tureis
39953,68273,1.75,-0.145,
41037,71129,1.86,1.196,Avior
42913,74956,1.93,0.043,Alsephina
44816,78647,2.23,1.665,Suhail
45238,80007,1.67,0.070,Miaplacidus
45556,80404,2.21,0.189,Aspidiske
45941,81188,2.47,-0.141,Markeb
46390,81797,1.99,1.440,Alphard
47908,84441,2.97,0.808,Ras Elased Australis
48002,85123,2.92,0.273,
49669,87901,1.36,-0.087,Regulus
50583,89484,2.01,1.128,Algieba
52419,93030,2.74,-0.220,
52727,93497,2.69,0.901,
53910,95418,2.34,0.033,Merak
54061,95689,1.81,1.061,Dubhe
54539,96833,3.00,1.144,
54872,97603,2.56,0.128,Zosma
57632,102647,2.14,0.090,Denebola
58001,103287,2.41,0.044,Phecda
59196,105435,2.58,-0.128,
59747,106490,2.79,-0.193,Imai
59803,106625,2.58,-0.107,Gienah
60718,108248,0.77,-0.243,Acrux
60965,108767,2.94,-0.012,Algorab
61084,108903,1.59,1.600,Gacrux
61359,109379,2.65,0.893,Kraz
61585,109668,2.69,-0.176,
61932,110304,2.20,-0.023,
61941,110379,2.74,0.368,Porrima
62434,111123,1.25,-0.238,Mimosa
62956,112185,1.76,-0.022,Alioth
63125,112413,2.89,-0.115,Cor Caroli
63608,113226,2.85,0.934,Vindemiatrix
64962,115659,2.99,0.920,
65109,115892,2.75,0.068,Kulou
65378,116656,2.23,0.057,Mizar
65474,116658,0.98,-0.235,Spica
66657,118716,2.29,-0.171,
67301,120315,1.85,-0.099,Alkaid
67927,121370,2.68,0.580,Muphrid
68002,121263,2.55,-0.176,Leepwal
68702,122451,0.61,-0.231,Hadar
68933,123139,2.06,1.011,Menkent
69673,124897,-0.05,1.239,Arcturus
71352,127972,2.33,-0.157,
71681,128621,1.35,0.900,Toliman
71683,128620,-0.01,0.710,Rigil Kentaurus
71860,129056,2.30,-0.154,Uridim
72105,129988,2.35,0.966,Izar
72607,131873,2.07,1.465,Kochab
72622,130841,2.75,0.147,Zubenelgenubi
73273,132058,2.68,-0.184,
74785,135742,2.61,-0.071,Zubeneschamali
74946,135382,2.87,0.014,
75097,137422,3.00,0.058,Pherkad
76267,139006,2.22,0.032,Alphecca
76297,138690,2.80,-0.216,
77070,140573,2.63,1.167,Unukalhai
77952,141891,2.83,0.315,
78265,143018,2.89,-0.180,Fang
78401,143275,2.29,-0.117,Dschubba
78820,144217,2.56,-0.065,Acrab
79593,146051,2.73,1.584,Yed Prior
80112,147165,2.90,0.299,Alniyat
80331,148387,2.73,0.910,Athebyne
80763,148478,1.06,1.865,Antares
80816,148856,2.78,0.947,Kornephoros
81266,149438,2.82,-0.206,Paikauhale
81377,149757,2.54,0.038,
81693,150680,2.81,0.650,
82273,150798,1.91,1.447,Atria
82396,151680,2.29,1.144,Larawag
82514,151890,3.00,-0.200,Xamidimura
84012,155125,2.43,0.059,Sabik
84345,156014,2.78,1.164,Rasalgethi
85258,157244,2.84,1.479,
85670,159181,2.79,0.954,Rastaban
85696,158408,2.70,-0.179,Lesath
85792,158427,2.84,-0.136,
85927,158926,1.62,-0.231,Shaula
86032,159561,2.08,0.155,Rasalhague
86228,159532,1.86,0.406,Sargas
86670,160578,2.39,-0.171,
86742,161096,2.76,1.168,Cebalrai
87073,161471,2.99,0.509,
87833,164058,2.24,1.521,Eltanin
88635,165135,2.98,0.981,Alnasl
89931,168454,2.72,1.380,Kaus Media
90185,169022,1.79,-0.031,Kaus Australis
90496,169916,2.82,1.025,Kaus Borealis
91262,172167,0.03,-0.001,Vega
92855,175191,2.05,-0.134,Nunki
93506,176687,2.60,0.062,Ascella
93747,177724,2.99,0.014,Okab
94141,178524,2.88,0.377,Albaldah
97165,186882,2.86,-0.002,Fawaris
97278,186791,2.72,1.507,Tarazed
97649,187642,0.76,0.221,Altair
100453,194093,2.23,0.673,Sadr
100751,193924,1.94,-0.118,Peacock
102098,197345,1.25,0.092,Deneb
102488,197989,2.48,1.021,Aljanah
105199,203280,2.45,0.257,Alderamin
106278,204867,2.90,0.828,Sadalsuud
107315,206778,2.38,1.520,Enif
107556,207098,2.85,0.180,Deneb Algedi
108085,207971,3.00,-0.084,Aldhanab
109074,209750,2.95,0.969,Sadalmelik
109268,209952,1.73,-0.070,Alnair
110130,211416,2.87,1.390,Lang-Exster
112122,214952,2.07,1.610,Tiaki
112158,215182,2.93,0.852,Matar
113368,216956,1.17,0.145,Fomalhaut
113881,217906,2.44,1.655,Scheat
113963,218045,2.49,-0.002,Markab
