# proper	bayer	flam	hr	hd	hip	con	ra_rad	dec_rad	mag	dist_pc
Sirius	Alp	9	2491	48915	32349	CMa	1.7677954	-0.2917513	-1.440	2.637
Canopus	Alp		2326	45348	30438	Car	1.6753054	-0.9197128	-0.620	94.787
Arcturus	Alp	16	5340	124897	69673	Boo	3.7335290	0.3347962	-0.050	11.258
Rigil Kentaurus	Alp-1		5459	128620	71683	Cen	3.8381792	-1.0617532	-0.010	1.325
Vega	Alp	3	7001	172167	91262	Lyr	4.8735631	0.6769031	0.030	7.679
Capella	Alp	13	1708	34029	24608	Aur	1.3818164	0.8028164	0.080	13.123
Rigel	Bet	19	1713	34085	24436	Ori	1.3724304	-0.1431456	0.180	264.550
Procyon	Alp	10	2943	61421	37279	CMi	2.0040830	0.0911933	0.400	3.514
Achernar	Alp		472	10144	7588	Eri	0.4263551	-0.9989699	0.450	42.753
Betelgeuse	Alp	58	2061	39801	27989	Ori	1.5497291	0.1292776	0.450	152.672
Hadar	Bet		5267	122451	68702	Cen	3.6818757	-1.0537083	0.610	120.192
Altair	Alp	53	7557	187642	97649	Aql	5.1957721	0.1547814	0.760	5.130
Acrux	Alp-1		4730	108248	60718	Cru	3.2576513	-1.1012869	0.770	98.717
Aldebaran	Alp	87	1457	29139	21421	Tau	1.2039308	0.2881417	0.870	20.433
Spica	Alp	67	5056	116658	65474	Vir	3.5133172	-0.1948018	0.980	76.570
Antares	Alp	21	6134	148478	80763	Sco	4.3171055	-0.4613255	1.060	169.779
Pollux	Bet	78	2990	62509	37826	Gem	2.0303269	0.4891494	1.160	10.358
Fomalhaut	Alp	24	8728	216956	113368	PsA	6.0111334	-0.5170056	1.170	7.704
Mimosa	Bet		4853	111123	62434	Cru	3.3498170	-1.0417654	1.250	85.397
Deneb	Alp	50	7924	197345	102098	Cyg	5.4167685	0.7902910	1.250	432.900
Toliman	Alp-2		5460	128621	71681	Cen	3.8380696	-1.0618286	1.350	1.325
Regulus	Alp	32	3982	87901	49669	Leo	2.6545232	0.2088672	1.360	24.313
Adhara	Eps	21	2618	52089	33579	CMa	1.8265996	-0.5056583	1.500	124.224
Castor	Alp	66	2891	60179	36850	Gem	1.9835583	0.5565554	1.580	15.596
Gacrux	Gam		4763	108903	61084	Cru	3.2775789	-0.9968136	1.590	27.152
Shaula	Lam	35	6527	158926	85927	Sco	4.5972352	-0.6475838	1.620	175.131
Bellatrix	Gam	24	1790	35468	25336	Ori	1.4186518	0.1108232	1.640	77.399
Elnath	Bet	112	1791	35497	25428	Tau	1.4237168	0.4992942	1.650	41.051
Miaplacidus	Bet		3685	80007	45238	Car	2.4138012	-1.2167948	1.670	34.698
Alnilam	Eps	46	1903	37128	26311	Ori	1.4670084	-0.0209775	1.690	606.061
Alnair	Alp		8425	209952	109268	Gru	5.7955076	-0.8196236	1.730	30.969
Alnitak	Zet	50	1948	37742	26727	Ori	1.4868407	-0.0339043	1.740	225.734
	Gam-2		3207	68273	39953	Vel	2.1359886	-0.8261793	1.750	342.466
Alioth	Eps	77	4905	112185	62956	UMa	3.3773356	0.9766831	1.760	25.310
Mirfak	Alp	33	1017	20902	15863	Per	0.8915260	0.8702418	1.790	155.280
Kaus Australis	Eps	20	6879	169022	90185	Sgr	4.8178595	-0.6001248	1.790	43.937
Dubhe	Alp	50	4301	95689	54061	UMa	2.8960654	1.0777588	1.810	37.679
Wezen	Del	25	2693	54605	34444	CMa	1.8692101	-0.4606482	1.830	492.611
Alkaid	Eta	85	5191	120315	67301	UMa	3.6108299	0.8606788	1.850	31.867
Avior	Eps		3307	71129	41037	Car	2.1926317	-1.0386364	1.860	185.529
Sargas	The		6553	159532	86228	Sco	4.6134237	-0.7504536	1.860	92.081
Menkalinan	Bet	34	2088	40183	28360	Aur	1.5687409	0.7844807	1.900	24.869
Atria	Alp		6217	150798	82273	TrA	4.4011296	-1.2047609	1.910	119.760
Alhena	Gam	24	2421	47105	31681	Gem	1.7353446	0.2862209	1.930	33.512
Alsephina	Del		3485	74956	42913	Vel	2.2894512	-0.9548491	1.930	24.698
Peacock	Alp		7790	193924	100751	Pav	5.3478964	-0.9902141	1.940	54.825
Polaris	Alp	1	424	8890	11767	UMi	0.6622871	1.5579526	1.970	132.626
Mirzam	Bet	2	2294	44743	30324	CMa	1.6698427	-0.3133899	1.980	151.057
Alphard	Alp	30	3748	81797	46390	Hya	2.4765672	-0.1511211	1.990	55.279
Hamal	Alp	13	617	12929	9884	Ari	0.5548981	0.4094965	2.010	20.178
Algieba	Gam-1	41	4057	89484	50583	Leo	2.7051398	0.3462993	2.010	39.888
Diphda	Bet	16	188	4128	3419	Cet	0.1901946	-0.3139255	2.040	29.533
Nunki	Sig	34	7121	175191	92855	Sgr	4.9535298	-0.4589644	2.050	69.832
Menkent	The	5	5288	123139	68933	Cen	3.6943545	-0.6347755	2.060	18.034
Alpheratz	Alp	21	15	358	677	And	0.0365972	0.5077238	2.070	29.744
Mirach	Bet	43	337	6860	5447	And	0.3042618	0.6216960	2.070	60.533
Saiph	Kap	53	2004	38771	27366	Ori	1.5173739	-0.1687664	2.070	198.413
Kochab	Bet	7	5563	131873	72607	UMi	3.8864393	1.2942577	2.070	40.145
Tiaki	Bet		8636	214952	112122	Gru	5.9457560	-0.8182902	2.070	54.259
Rasalhague	Alp	55	6556	159561	86032	Oph	4.6030200	0.2192140	2.080	14.896
Algol	Bet	26	936	19356	14576	Per	0.8210415	0.7148109	2.090	27.571
Almach	Gam-1	57	603	12533	9640	And	0.5406117	0.7387931	2.100	120.482
Denebola	Bet	94	4534	102647	57632	Leo	3.0938570	0.2543304	2.140	11.000
Cih	Gam	27	264	5394	4427	Cas	0.2474380	1.0597070	2.150	168.350
	Gam		4819	110304	61932	Cen	3.3227502	-0.8545113	2.200	39.904
Naos	Zet		3165	66811	39429	Pup	2.1100341	-0.6981866	2.210	332.226
Aspidiske	Iot		3699	80404	45556	Car	2.4307649	-1.0345479	2.210	234.742
Alphecca	Alp	5	5793	139006	76267	CrB	4.0783443	0.4662594	2.220	23.010
Suhail	Lam		3634	78647	44816	Vel	2.3910839	-0.7580417	2.230	166.945
Mizar	Zet	79	5054	116656	65378	UMa	3.5077839	0.9586284	2.230	26.309
Sadr	Gam	37	7796	194093	100453	Cyg	5.3329773	0.7026116	2.230	561.798
Schedar	Alp	18	168	3712	3179	Cas	0.1767449	0.9867626	2.240	69.979
Eltanin	Gam	33	6705	164058	87833	Dra	4.6975808	0.8986507	2.240	47.304
Mintaka	Del	34	1852	36486	25930	Ori	1.4486524	-0.0052201	2.250	212.314
Caph	Bet	11	21	432	746	Cas	0.0400259	1.0323584	2.280	16.784
	Eps		5132	118716	66657	Cen	3.5774351	-0.9331646	2.290	131.062
Dschubba	Del	7	5953	143275	78401	Sco	4.1902451	-0.3948233	2.290	150.602
Larawag	Eps	26	6241	151680	82396	Sco	4.4076754	-0.5985298	2.290	19.535
Uridim	Alp		5469	129056	71860	Lup	3.8481428	-0.8270801	2.300	142.450
	Eta		5440	127972	71352	Cen	3.8201207	-0.7357928	2.330	93.721
Merak	Bet	48	4295	95418	53910	UMa	2.8878246	0.9840590	2.340	24.450
Izar	Eps	36	5505	129988	72105	Boo	3.8614843	0.4725343	2.350	62.112
Enif	Eps	8	8308	206778	107315	Peg	5.6905848	0.1723515	2.380	211.417
	Kap		6580	160578	86670	Sco	4.6359782	-0.6812017	2.390	148.148
Ankaa	Alp		99	2261	2081	Phe	0.1146829	-0.7383787	2.400	25.974
Phecda	Gam	64	4554	103287	58001	UMa	3.1146712	0.9371504	2.410	25.504
Sabik	Eta	35	6378	155125	84012	Oph	4.4958726	-0.2744515	2.430	27.093
Scheat	Bet	53	8775	217906	113881	Peg	6.0378533	0.4901371	2.440	60.096
Aludra	Eta	31	2827	58350	35904	CMa	1.9377302	-0.5114356	2.450	609.756
Alderamin	Alp	5	8162	203280	105199	Cep	5.5788482	1.0923243	2.450	15.038
Markeb	Kap		3734	81188	45941	Vel	2.4526838	-0.9601173	2.470	175.439
Aljanah	Eps	53	7949	197989	102488	Cyg	5.4376198	0.5928928	2.480	22.292
Markab	Alp	54	8781	218045	113963	Peg	6.0421591	0.2653819	2.490	40.883
Menkar	Alp	92	911	18884	14135	Cet	0.7953445	0.0713793	2.540	76.394
	Zet	13	6175	149757	81377	Oph	4.3509268	-0.1844305	2.540	112.233
Leepwal	Zet		5231	121263	68002	Cen	3.6457311	-0.8253378	2.550	117.096
Zosma	Del	68	4357	97603	54872	Leo	2.9413522	0.3582064	2.560	17.915
Acrab	Bet-1	8	5984	144217	78820	Sco	4.2125144	-0.3456704	2.560	123.916
Arneb	Alp	11	1865	36673	25985	Lep	1.4518097	-0.3110576	2.580	680.272
	Del		4621	105435	59196	Cen	3.1780639	-0.8852733	2.580	127.227
Gienah	Gam	4	4662	106625	59803	Crv	3.2105604	-0.3061644	2.580	47.103
Ascella	Zet	38	7194	176687	93506	Sgr	4.9855850	-0.5215062	2.600	27.042
Zubeneschamali	Bet	27	5685	135742	74785	Lib	4.0011975	-0.1637628	2.610	56.754
Unukalhai	Alp	24	5854	140573	77070	Ser	4.1201460	0.1121483	2.630	22.676
Sheratan	Bet	6	553	11636	8903	Ari	0.5002117	0.3631687	2.640	17.986
Phact	Alp		1956	37795	26634	Col	1.4819983	-0.5947054	2.650	80.128
Mahasim	The	37	2095	40312	28380	Aur	1.5695792	0.6494821	2.650	50.761
Kraz	Bet	9	4786	109379	61359	Crv	3.2916353	-0.4083505	2.650	44.663
Ruchbah	Del	37	403	8538	6686	Cas	0.3744296	1.0513040	2.660	30.479
Muphrid	Eta	8	5235	121370	67927	Boo	3.6419990	0.3211007	2.680	11.396
	Bet		5571	132058	73273	Lup	3.9205865	-0.7528296	2.680	117.371
Hassaleh	Iot	3	1577	31398	23015	Aur	1.2958792	0.5788575	2.690	151.286
	Mu		4216	93497	52727	Vel	2.8220635	-0.8625462	2.690	35.919
	Alp		4798	109668	61585	Mus	3.3038399	-1.2066432	2.690	96.712
Lesath	Ups	34	6508	158408	85696	Sco	4.5848226	-0.6509347	2.700	176.678
	Pi		2773	56855	35264	Pup	1.9073946	-0.6474730	2.710	247.525
Kaus Media	Del	19	6859	168454	89931	Sgr	4.8039925	-0.5205986	2.720	106.610
Tarazed	Gam	50	7525	186791	97278	Aql	5.1760342	0.1852364	2.720	121.065
Yed Prior	Del	1	6056	146051	79593	Oph	4.2513849	-0.0644781	2.730	52.466
Athebyne	Eta	14	6132	148387	80331	Dra	4.2934734	1.0736256	2.730	28.233
	The		4199	93030	52419	Car	2.8054288	-1.1238952	2.740	139.665
Porrima	Gam	29	4825	110379	61941	Vir	3.3233718	-0.0252964	2.740	11.685
Hatysa	Iot	44	1899	37043	26241	Ori	1.4636027	-0.1031472	2.750	714.286
Kulou	Iot		5028	115892	65109	Cen	3.4932668	-0.6407504	2.750	18.021
Zubenelgenubi	Alp-2	9	5531	130841	72622	Lib	3.8871912	-0.2799818	2.750	23.240
Cebalrai	Bet	60	6603	161096	86742	Oph	4.6402744	0.0797145	2.760	25.094
Cursa	Bet	67	1666	33111	23875	Eri	1.3432480	-0.0887752	2.780	27.397
Kornephoros	Bet	27	6148	148856	80816	Her	4.3206501	0.3750645	2.780	42.662
Rasalgethi	Alp-1	64	6406	156014	84345	Her	4.5145020	0.2511587	2.780	110.254
Imai	Del		4656	106490	59747	Cru	3.2076778	-1.0253622	2.790	105.820
Rastaban	Bet	23	6536	159181	85670	Dra	4.5833777	0.9128314	2.790	116.550
	Gam		5776	138690	76297	Lup	4.0803217	-0.7184955	2.800	129.032
Nihal	Bet	9	1829	36079	25606	Lep	1.4322407	-0.3623206	2.810	49.164
	Zet	40	6212	150680	81693	Her	4.3689378	0.5515716	2.810	10.716
	Bet		98	2151	2021	Hyi	0.1120281	-1.3483410	2.820	7.459
Paikauhale	Tau	23	6165	149438	81266	Sco	4.3453575	-0.4924624	2.820	145.349
Kaus Borealis	Lam	22	6913	169916	90496	Sgr	4.8344343	-0.4436924	2.820	23.969
Algenib	Gam	88	39	886	1067	Peg	0.0577524	0.2650037	2.830	120.048
Tureis	Rho	15	3185	67523	39757	Pup	2.1273130	-0.4241905	2.830	19.482
	Bet		5897	141891	77952	TrA	4.1676061	-1.1070750	2.830	12.378
	Zet	44	1203	24398	18246	Per	1.0215936	0.5564744	2.840	230.415
	Bet		6461	157244	85258	Ara	4.5609811	-0.9691793	2.840	198.020
	Alp		6510	158427	85792	Ara	4.5895253	-0.8705029	2.840	81.967
Alcyone	Eta	25	1165	23630	17702	Tau	0.9925888	0.4207140	2.850	123.609
Vindemiatrix	Eps	47	4932	113226	63608	Vir	3.4128895	0.1912733	2.850	33.602
Deneb Algedi	Del	49	8322	207098	107556	Cap	5.7030407	-0.2814742	2.850	11.867
Castor B	Alp	66	2890	60178		Gem	1.9836087	0.5565946	2.850	15.805
	Alp		591	12311	9236	Hyi	0.5182192	-1.0745968	2.860	22.012
Fawaris	Del	18	7528	186882	97165	Cyg	5.1704264	0.7876812	2.860	50.582
Tejat	Mu	13	2286	44478	30343	Gem	1.6709800	0.3929362	2.870	71.023
	Gam		5671	135382	74946	TrA	4.0095049	-1.1986842	2.870	56.370
Lang-Exster	Alp		8502	211416	110130	Tuc	5.8403179	-1.0517282	2.870	61.237
Acamar	The-1		897	18622	13847	Eri	0.7778121	-0.7034492	2.880	49.431
Albaldah	Pi	41	7264	178524	94141	Sgr	5.0167913	-0.3669313	2.880	156.250
Gomeisa	Bet	3	2845	58715	36188	CMi	1.9510631	0.1446758	2.890	49.579
Cor Caroli	Alp-2	12	4915	112413	63125	CVn	3.3860627	0.6687819	2.890	35.199
Fang	Pi	6	5944	143018	78265	Sco	4.1837806	-0.4557771	2.890	179.533
	Eps	45	1220	24760	18532	Per	1.0378330	0.6983100	2.900	195.695
Alniyat	Sig	20	6084	147165	80112	Sco	4.2812430	-0.4466786	2.900	213.675
Sadalsuud	Bet	22	8232	204867	106278	Aqr	5.6354888	-0.0972353	2.900	164.745
	Gam	23	915	18925	14328	Per	0.8063269	0.9338635	2.910	74.571
	Ups		3890	85123	48002	Car	2.5617165	-1.1357208	2.920	440.529
Matar	Eta	44	8650	215182	112158	Peg	5.9472193	0.5274602	2.930	65.703
	Tau		2553	50310	32768	Pup	1.7886830	-0.8833907	2.940	55.804
Algorab	Del	7	4757	108767	60965	Crv	3.2719004	-0.2882487	2.940	26.631
Sadalmelik	Alp	34	8414	209750	109074	Aqr	5.7848237	-0.0055824	2.950	160.514
Zaurak	Gam	34	1231	25025	18543	Eri	1.0385993	-0.2357681	2.970	62.344
Tianguan	Zet	123	1910	37202	26451	Tau	1.4732532	0.3690071	2.970	136.426
Ras Elased Australis	Eps	17	3873	84441	47908	Leo	2.5562583	0.4149390	2.970	75.643
Alnasl	Gam-2	10	6746	165135	88635	Sgr	4.7377320	-0.5310006	2.980	29.700
	Gam	46	5020	115659	64962	Hya	3.4859529	-0.4044192	2.990	41.034
	Iot-1		6615	161471	87073	Sco	4.6582170	-0.7003482	2.990	591.716
Okab	Zet	17	7235	177724	93747	Aql	4.9977945	0.2419633	2.990	25.458
	Bet	4	622	13161	10064	Tri	0.5652400	0.6106435	3.000	38.895
	Psi	52	4335	96833	54539	UMa	2.9219592	0.7766451	3.000	44.307
Pherkad	Gam	13	5735	137422	75097	UMi	4.0174380	1.2537401	3.000	149.254
Xamidimura	Mu-1		6247	151890	82514	Sco	4.4151182	-0.6640520	3.000	153.610
Aldhanab	Gam		8353	207971	108085	Gru	5.7330946	-0.6521397	3.000	64.725
	Del	39	1122	22928	17358	Per	0.9726935	0.8340501	3.010	158.228
Furud	Zet	1	2282	44402	30122	CMa	1.6594294	-0.5247047	3.020	111.111
	Omi-2	24	2653	53138	33977	CMa	1.8457928	-0.4159694	3.020	847.458
	Eps	2	4630	105707	59316	Crv	3.1857701	-0.3947894	3.020	97.466
Almaaz	Eps	7	1605	31964	23416	Aur	1.3175879	0.7648610	3.030	653.595
	Bet		4844	110879	62322	Mus	3.3435306	-1.1887109	3.040	104.712
Seginus	Gam	27	5435	127762	71075	Boo	3.8051589	0.6686051	3.040	26.610
Albireo	Bet-1	6	7417	183912	95947	Cyg	5.1082355	0.4879885	3.050	133.156
Dabih	Bet	9	7776	193495	100345	Cap	5.3276666	-0.2579835	3.050	100.200
Mebsuta	Eps	27	2473	48329	32246	Gem	1.7624863	0.4386209	3.060	259.067
Tania Australis	Mu	34	4069	89758	50801	UMa	2.7154237	0.7243032	3.060	70.621
Altais	Del	57	7310	180711	94376	Dra	5.0289633	1.1809167	3.070	29.869
	Eta		6832	167618	89642	Sgr	4.7893037	-0.6416125	3.100	44.743
	Zet	16	3547	76294	43813	Hya	2.3360961	0.1037697	3.110	51.256
	Nu		4232	93813	52943	Hya	2.8345228	-0.2826325	3.110	44.072
	Lam		4467	100841	56561	Cen	3.0359209	-1.0999037	3.110	128.700
	Alp		7869	196171	101772	Ind	5.3999046	-0.8253924	3.110	30.148
Wazn	Bet		2040	39425	27628	Col	1.5313508	-0.6242748	3.120	26.731
Talitha	Iot	9	3569	76644	44127	UMa	2.3527461	0.8384880	3.120	14.510
	Zet		6285	152786	83081	Ara	4.4445697	-0.9772123	3.120	149.031
Sarin	Del	65	6410	156164	84379	Her	4.5161785	0.4335259	3.120	23.036
	Kap		5576	132200	73334	Cen	3.9233321	-0.7348568	3.130	117.509
	Alp	40	3705	80493	45860	Lyn	2.4480664	0.6002634	3.140	62.267
	Pi	67	6418	156283	84380	Her	4.5162458	0.6424411	3.160	115.473
Pipit	Nu		2451	47670	31685	Pup	1.7355606	-0.7539113	3.170	113.895
	The	25	3775	82328	46853	UMa	2.4995858	0.9019390	3.170	13.479
Aldhibah	Zet	22	6396	155763	83895	Dra	4.4889296	1.1469376	3.170	100.705
	Phi	27	7039	173300	92041	Sgr	4.9116025	-0.4710779	3.170	73.368
Haedus	Eta	10	1641	32630	23767	Aur	1.3374230	0.7196773	3.180	74.627
Xami	Alp		5463	128898	71908	Cir	3.8506743	-1.1340301	3.180	16.570
Tabit	Pi-3	1	1543	30652	22449	Ori	1.2646662	0.1214972	3.190	8.068
	Eps	2	1654	32887	23685	Lep	1.3328253	-0.3904482	3.190	65.402
	Kap	27	6299	153210	83000	Oph	4.4404157	0.1636252	3.190	28.043
Fuyue			6630	161892	87261	Sco	4.6681358	-0.6465276	3.190	38.580
	Zet	64	8115	202109	104732	Cyg	5.5542329	0.5275592	3.210	43.879
Errai	Gam	35	8974	222404	116727	Cep	6.1930793	1.3549388	3.210	14.102
	Del		5695	136298	75141	Lup	4.0202441	-0.7094330	3.220	271.003
Yed Posterior	Eps	2	6075	146791	79882	Oph	4.2687327	-0.0818998	3.230	32.637
	Eta	58	6869	168723	89962	Ser	4.8053715	-0.0505940	3.230	18.543
Alfirk	Bet	8	8238	205021	106032	Cep	5.6228387	1.2315168	3.230	210.084
	Alp		2550	50241	32607	Pic	1.7810719	-1.0810812	3.240	29.603
Antinous	The	65	7710	191692	99473	Aql	5.2853141	-0.0143372	3.240	87.796
	Sig		2878	59717	36377	Pup	1.9601388	-0.7557526	3.250	59.382
	Pi	49	5287	123123	68895	Hya	3.6929926	-0.4656951	3.250	30.960
Brachium	Sig	20	5603	133216	73714	Lib	3.9447510	-0.4412535	3.250	88.417
Sulafat	Gam	14	7178	176437	93194	Lyr	4.9695795	0.5705404	3.250	190.114
	Gam		1208	24512	17678	Hyi	0.9915115	-1.2957143	3.260	65.617
	Del	31	165	3627	3092	And	0.1715997	0.5386265	3.270	32.352
	The	42	6453	157056	84970	Oph	4.5466248	-0.4363244	3.270	133.690
Skat	Del	76	8709	216627	113136	Aqr	5.9980431	-0.2761254	3.270	49.237
	Mu	5	1702	33904	24305	Lep	1.3654220	-0.2828388	3.290	57.013
	Ome		4037	89080	50099	Car	2.6779356	-1.2223920	3.290	104.822
Edasich	Iot	12	5744	137759	75458	Dra	4.0357669	1.0291520	3.290	31.027
	Alp		1465	29305	21281	Dor	1.1955325	-0.9607160	3.300	51.706
Propus	Eta	7	2216	42995	29655	Gem	1.6357124	0.3928177	3.310	117.924
	Gam		6462	157246	85267	Ara	4.5613932	-0.9839770	3.310	341.297
	Bet		322	6595	5165	Phe	0.2883477	-0.8153901	3.320	0.000
	Rho	25	921	19058	14354	Per	0.8079836	0.6778907	3.320	94.340
Megrez	Del	69	4660	106591	59774	UMa	3.2088976	0.9954069	3.320	24.685
	Eta		6380	155203	84143	Sco	4.5036177	-0.7546662	3.320	22.528
	Nu	64	6698	163917	88048	Oph	4.7081414	-0.1705821	3.320	46.211
	Tau	40	7234	177716	93864	Sgr	5.0044707	-0.4829400	3.320	37.286
Rhombus	Alp		1336	27256	19780	Ret	1.1101352	-1.0903745	3.330	49.554
Chertan	The	70	4359	97633	54879	Leo	2.9419275	0.2692968	3.330	50.607
Azmidi	Xi	7	3045	63700	38170	Pup	2.0476825	-0.4338851	3.340	367.647
Segin	Eps	45	542	11415	8886	Cas	0.4991425	1.1112529	3.350	126.263
	Eta	28	1788	35411	25281	Ori	1.4157978	-0.0418381	3.350	299.401
Alzirr	Xi	31	2484	48737	32362	Gem	1.7684088	0.2250705	3.350	17.999
Muscida	Omi	1	3323	71369	41704	UMa	2.2264548	1.0597320	3.350	54.915
	Del	30	7377	182640	95501	Aql	5.0854458	0.0543631	3.360	15.525
	Eps		5708	136504	75264	Lup	4.0259565	-0.7799810	3.370	156.986
Ashlesha	Eps	11	3482	74874	43109	Hya	2.2984904	0.1120294	3.380	39.635
Heze	Zet	79	5107	118098	66249	Vir	3.5547697	-0.0103990	3.380	22.712
Meissa	Lam	39	1879	36861	26207	Ori	1.4623152	0.1733838	3.390	336.700
Minelauva	Del	43	4910	112300	63090	Vir	3.3842086	0.0592970	3.390	60.827
	Zet	21	8465	210745	109492	Cep	5.8069482	1.0158036	3.390	256.410
Chamukuy	The-2	78	1412	28319	20894	Tau	1.1722604	0.2769992	3.400	46.104
	Gam		429	9053	6867	Phe	0.3855673	-0.7560458	3.410	71.633
	Lam	35	1239	25204	18724	Tau	1.0501658	0.2179977	3.410	148.368
Heng	Nu		5190	120307	67464	Cen	3.6193971	-0.7275878	3.410	133.869
	Zet		5649	134505	74395	Lup	3.9805969	-0.9093034	3.410	35.971
	Eta	3	7957	198149	102422	Cep	5.4335968	1.0792903	3.410	14.265
Homam	Zet	42	8634	214923	112029	Peg	5.9404986	0.1890430	3.410	62.657
Mothallah	Alp	2	544	11443	8796	Tri	0.4934123	0.5162480	3.420	19.418
	Eta		5948	143118	78384	Lup	4.1893233	-0.6701489	3.420	135.501
	Mu	86	6623	161797	86974	Her	4.6533059	0.4838171	3.420	8.310
	Bet		7913	197051	102395	Pav	5.4321577	-1.1554640	3.420	41.425
Adhafera	Zet	36	4031	89025	50335	Leo	2.6908189	0.4087092	3.430	84.034
	Lam	16	7236	177756	93805	Aql	5.0014547	-0.0852166	3.430	37.922
Tania Borealis	Lam	33	4033	89021	50372	UMa	2.6925942	0.7489970	3.450	42.158
Achird	Eta	24	219	4614	3821	Cas	0.2142199	1.0090654	3.460	5.953
	Eta	31	334	6805	5364	Cet	0.2992796	-0.1777140	3.460	37.994
	Chi		3117	65575	38827	Car	2.0803398	-0.9247166	3.460	139.470
	Del	49	5681	135722	74666	Boo	3.9946335	0.5814535	3.460	37.341
Kaffaljidhma	Gam	86	804	16970	12706	Cet	0.7125335	0.0564757	3.470	24.408
	Mu		5193	120324	67472	Cen	3.6198851	-0.7413065	3.470	155.039
	Eta	30	3975	87737	49583	Leo	2.6499881	0.2925637	3.480	389.105
	Eta	44	6220	150997	81833	Her	4.3759593	0.6793215	3.480	33.311
	Tau	52	509	10700	8102	Cet	0.4540854	-0.2781615	3.490	3.650
Nganurganity	Sig	22	2646	52877	33856	CMa	1.8400969	-0.4875548	3.490	343.643
Alula Borealis	Nu	54	4377	98262	55219	UMa	2.9604231	0.5776046	3.490	122.399
Nekkar	Bet	42	5602	133208	73555	Boo	3.9354825	0.7049484	3.490	69.061
	Alp		6897	169467	90422	Tel	4.8300838	-0.8023010	3.490	85.179
	Eps		8675	215789	112623	Gru	5.9714448	-0.8956482	3.490	39.526
	Kap	13	2538	50013	32759	CMa	1.7882687	-0.5673800	3.500	202.020
Wasat	Del	55	2777	56986	35550	Gem	1.9203987	0.3836639	3.500	18.539
	Iot	32	8694	216228	112724	Cep	5.9763618	1.1554151	3.500	35.348
	Gam	12	7635	189319	98337	Sge	5.2305645	0.3402022	3.510	79.239
Sadalbari	Mu	48	8684	216131	112748	Peg	5.9777661	0.4293786	3.510	32.531
Rana	Del	23	1136	23249	17378	Eri	0.9741048	-0.1704034	3.520	9.041
Subra	Omi	14	3852	83808	47508	Leo	2.5357477	0.1726533	3.520	39.952
	Phi		3940	86440	48774	Vel	2.6043037	-0.9523876	3.520	487.805
Sheliak	Bet	10	7106	174638	92420	Lyr	4.9309038	0.5822884	3.520	294.985
	Xi-2	37	7150	175775	93085	Sgr	4.9642836	-0.3683806	3.520	111.982
Biham	The	26	8450	210418	109427	Peg	5.8040913	0.1081731	3.520	28.297
	Gam	29	4826	110380		Vir	3.3233262	-0.0252939	3.520	11.830
Ain	Eps	74	1409	28305	20889	Tau	1.1720610	0.3347617	3.530	44.964
Tarf	Bet	17	3249	69267	40526	Cnc	2.1664569	0.1603180	3.530	93.023
	Xi		4450	100407	56343	Hya	3.0237929	-0.5560204	3.540	39.746
	Mu	32	5881	141513	77516	Ser	4.1434995	-0.0598684	3.540	52.002
	Xi	55	6561	159876	86263	Ser	4.6145925	-0.2687555	3.540	32.279
	Ups-4	41	1347	27376	20042	Eri	1.1252759	-0.5898925	3.550	54.555
	Zet	14	1998	38678	27288	Lep	1.5138798	-0.2586918	3.550	21.608
	Iot		5354	125238	69996	Lup	3.7498563	-0.8038654	3.550	103.627
	Chi	44	6927	170153	89937	Dra	4.8042114	1.2694276	3.550	8.057
	Del		7665	190248	99240	Pav	5.2739898	-1.1550950	3.550	6.108
	Iot	8	74	1522	1562	Cet	0.0847703	-0.1540065	3.560	84.175
	Phi		674	14228	10602	Eri	0.5956338	-0.8990569	3.560	47.125
	Del	12	4382	98430	55282	Crt	2.9641836	-0.2579342	3.560	56.948
Pipirima	Mu-2		6252	151985	82545	Sco	4.4171481	-0.6635312	3.560	145.349
	Kap	77	2985	62345	37740	Gem	2.0265349	0.4258253	3.570	43.346
Alkaphrah	Kap	12	3594	77327	44471	UMa	2.3720142	0.8230366	3.570	109.890
	Rho	25	5429	127665	71053	Boo	3.8040759	0.5300816	3.570	49.092
	Phi-1		5705	136422	75177	Lup	4.0221391	-0.6328804	3.570	84.317
	Lam	54	2763	56537	35350	Gem	1.9115413	0.2886841	3.580	30.931
Algedi	Alp-2	6	7754	192947	100064	Cap	5.3147642	-0.2189490	3.580	32.447
Nembus		51	464	9927	7607	And	0.4275721	0.8487224	3.590	54.318
	Tau	20	1735	34503	24674	Ori	1.3858198	-0.1194575	3.590	151.515
	Gam	13	1983	38393	27072	Lep	1.5030051	-0.3917982	3.590	8.927
Zavijava	Bet	5	4540	102870	57757	Vir	3.1009933	0.0308001	3.590	10.929
Ginan	Eps		4700	107446	60260	Cru	3.2348013	-1.0541989	3.590	70.472
	The	45	402	8512	6537	Cet	0.3666214	-0.1428248	3.600	34.892
	The	34	2540	50019	33018	Gem	1.8011317	0.5927357	3.600	57.971
	Omi		3447	74195	42536	Vel	2.2702076	-0.9236612	3.600	151.286
	Psi		3786	82434	46651	Vel	2.4901505	-0.7062784	3.600	18.815
	Ups	39	5794	139063	76470	Lib	4.0885393	-0.4910498	3.600	68.587
	Del		6500	158094	85727	Ara	4.5862850	-1.0591330	3.600	60.680
Bharani		41	838	17573	13209	Ari	0.7416942	0.4757856	3.610	50.787
	Omi	1	1030	21120	15900	Tau	0.8936663	0.1575835	3.610	89.206
	Lam	41	3994	88284	49841	Hya	2.6641928	-0.2156194	3.610	34.507
	Del		4923	112985	63613	Mus	3.4132772	-1.2487631	3.610	27.871
	Eta		6582	160635	86929	Pav	4.6501386	-1.1296447	3.610	107.991
Alpherg	Eta	99	437	9270	7097	Psc	0.3991720	0.2678351	3.620	107.181
Atlas		27	1178	23850	17847	Tau	0.9999094	0.4198113	3.620	117.233
	Zet-2		6271	152334	82729	Sco	4.4269572	-0.7393444	3.620	40.568
Alfarasalkamil	Omi	1	8762	217675	113726	And	6.0297678	0.7387277	3.620	210.526
	Lam		4520	102249	57363	Mus	3.0787978	-1.1646366	3.630	38.986
Rotanev	Bet	6	7882	196524	101769	Del	5.3998261	0.2547323	3.640	30.931
Prima Hyadum	Gam	54	1346	27371	20205	Tau	1.1335623	0.2727538	3.650	49.529
		23	3757	81937	46733	UMa	2.4937579	1.1006371	3.650	23.815
Zhou	Bet	28	5867	141003	77233	Ser	4.1285222	0.2691616	3.650	47.551
	The		6743	165024	88714	Ara	4.7413232	-0.8742612	3.650	249.377
	Zet-1	55	8558	213051	110960	Aqr	5.8853893	-0.0003486	3.650	28.169
Nusakan	Bet	3	5747	137909	75695	CrB	4.0484182	0.5079903	3.660	34.282
	Tau	40	5812	139365	76600	Lib	4.0956603	-0.5197198	3.660	112.486
Thuban	Alp	11	5291	123299	68756	Dra	3.6843459	1.1235705	3.670	92.937
	Bet		7986	198700	103227	Ind	5.4751409	-1.0202175	3.670	187.617
	Pi-4	3	1552	30836	22549	Ori	1.2706262	0.0978275	3.680	322.581
	Alp		3468	74575	42828	Pyx	2.2846025	-0.5792117	3.680	269.542
	Del	7	7536	187076	97365	Sge	5.1809562	0.3234843	3.680	182.149
Safina		88	8812	218594	114341	Aqr	6.0626044	-0.3695283	3.680	82.988
Fulu	Zet	17	153	3360	2920	Cas	0.1613177	0.9406785	3.690	181.818
	Chi		566	11937	9007	Eri	0.5059440	-0.9007452	3.690	17.851
Saclateni	Zet	8	1612	32068	23453	Aur	1.3198096	0.7169086	3.690	240.964
Taiyangshou	Chi	63	4518	102224	57399	UMa	3.0807282	0.8339079	3.690	56.306
Nashira	Gam	40	8278	206088	106985	Cap	5.6727165	-0.2908121	3.690	48.146
	Tau-4	16	1003	20720	15474	Eri	0.8705557	-0.3797464	3.700	93.371
	Xi	92	6703	163993	87933	Her	4.7026354	0.5104718	3.700	41.946
	Gam	6	8852	219615	114971	Psc	6.0962851	0.0572867	3.700	42.301
	Pi-5	8	1567	31237	22797	Ori	1.2839148	0.0425978	3.710	411.523
	Eta	16	2085	40136	28103	Lep	1.5551097	-0.2472730	3.710	14.879
	Eps	37	5892	141795	77622	Ser	4.1487179	0.0781511	3.710	21.598
		72	6771	165777	88771	Oph	4.7444583	0.1669206	3.710	26.631
Alshain	Bet	60	7602	188512	98036	Aql	5.2155378	0.1118191	3.710	13.699
Ran	Eps	18	1084	22049	16537	Eri	0.9290862	-0.1650778	3.720	3.216
Electra		17	1142	23302	17499	Tau	0.9812049	0.4208572	3.720	124.070
	Del	33	2077	40035	28358	Aur	1.5687311	0.9474460	3.720	38.640
	Xi	62	8079	200905	104060	Cyg	5.5193027	0.7666857	3.720	258.398
	Xi	2	1038	21364	16083	Tau	0.9039462	0.1698673	3.730	64.103
		109	5511	130109	72220	Vir	3.8669896	0.0330371	3.730	41.237
Grumium	Xi	32	6688	163588	87585	Dra	4.6841498	0.9926149	3.730	34.507
	Nu		8254	205478	107089	Oct	5.6787568	-1.3507111	3.730	21.200
	Lam	73	8698	216386	112961	Aqr	5.9891610	-0.1322890	3.730	118.064
Baten Kaitos	Zet	55	539	11353	8645	Cet	0.4863384	-0.1803804	3.740	72.046
	Gam	20	6095	147547	80170	Her	4.2844354	0.3342852	3.740	59.067
	Tau	65	8130	202444	104887	Cyg	5.5623251	0.6640160	3.740	20.342
Bake-eo	Gam	62	6629	161868	87108	Oph	4.6595608	0.0472509	3.750	31.516
	Bet		1922	37350	26069	Dor	1.4557149	-1.0906532	3.760	308.642
	Del	15	2035	39364	27654	Lep	1.5329290	-0.3644088	3.760	34.867
	Bet	11	2356	45725	30867	Mon	1.6965378	-0.1227501	3.760	207.469
	Omi	39	7217	177241	93683	Sgr	4.9946217	-0.3794607	3.760	43.554
	Iot-2	10	7420	184006	95853	Cyg	5.1038046	0.9028550	3.760	37.202
Stellio	Alp	7	8585	213558	111169	Lac	5.8961190	0.8775950	3.760	31.456
Miram	Eta	15	834	17506	13268	Per	0.7448049	0.9755604	3.770	269.542
	Nu	41	1135	23230	17529	Per	0.9825938	0.7431359	3.770	170.649
Secunda Hyadum	Del-1	61	1373	27697	20455	Tau	1.1472697	0.3061746	3.770	47.710
	Sig	48	1931	37468	26549	Ori	1.4780588	-0.0453798	3.770	328.947
	Bet		3347	71878	41312	Vol	2.2066943	-1.1543065	3.770	32.971
	Eta		6229	151249	82363	Ara	4.4060208	-1.0304664	3.770	91.743
Sualocin	Alp	9	7906	196867	101958	Del	5.4089416	0.2777180	3.770	77.821
	Zet	34	8204	204075	105881	Cap	5.6141443	-0.3911515	3.770	118.203
	Iot	24	8430	210027	109176	Peg	5.7901769	0.4423556	3.770	11.726
	Gam-2		2736	55865	34481	Vol	1.8707630	-1.2304385	3.780	42.863
	Iot	60	2821	58207	36046	Gem	1.9448499	0.4851680	3.780	36.900
	Ups	29	3888	84999	48319	UMa	2.5786891	1.0304203	3.780	35.638
	Zet	30	5477	129246	71795	Boo	3.8447386	0.2396040	3.780	53.879
Albali	Eps	2	7950	198001	102618	Aqr	5.4440129	-0.1657326	3.780	63.694
Misam	Kap	27	941	19476	14668	Per	0.8268301	0.7829118	3.790	34.566
Praecipua		46	4247	94264	53229	LMi	2.8506095	0.5971622	3.790	29.087
Dalim	Alp		963	20010	14879	For	0.8380850	-0.5059294	3.800	14.237
	Del	13	5788	138917	76276	Ser	4.0788452	0.1839379	3.800	69.930
	Kap	1	7328	181276	94779	Cyg	5.0488117	0.9314553	3.800	38.066
		31	7735	192577	99675	Cyg	5.2954675	0.8157901	3.800	271.003
Theemin	Ups-2	52	1464	29291	21393	Eri	1.2023168	-0.5334135	3.810	65.574
	Gam	8	5849	140436	76952	CrB	4.1134918	0.4589455	3.810	44.783
Udkadua	Lam	16	8961	222107	116584	And	6.1852869	0.8108477	3.810	26.406
Alrescha	Alp	113	595	12446	9487	Psc	0.5325305	0.0482367	3.820	46.168
		38	3690	80081	45688	Lyn	2.4384176	0.6423265	3.820	38.270
Giausar	Lam	1	4434	100029	56211	Dra	3.0168208	1.2100555	3.820	102.145
Marfik	Lam	10	6149	148857	80883	Oph	4.3236767	0.0346260	3.820	53.079
	Iot	85	6588	160762	86414	Her	4.6227873	0.8029620	3.820	139.470
	Mu	42	4094	90432	51069	Hya	2.7318352	-0.2938487	3.830	71.787
	Phi		5248	121743	68245	Cen	3.6576480	-0.7347968	3.830	161.031
Paradys	Alp		5470	129078	72370	Aps	3.8740290	-1.3795912	3.830	136.986
	Bet		1175	23817	17440	Ret	0.9782378	-1.1310938	3.840	29.860
Atik	Omi	38	1131	23180	17448	Per	0.9787756	0.5635362	3.840	343.643
	The-1	77	1411	28307	20885	Tau	1.1718790	0.2785926	3.840	47.326
Shaomin	Rho	47	4133	91316	51624	Leo	2.7611597	0.1624306	3.840	0.000
	Gam		4773	109026	61199	Mus	3.2832611	-1.2589581	3.840	99.602
	Omi	103	6779	166014	88794	Her	4.7452994	0.5020001	3.840	103.627
Polis	Mu	13	6812	166937	89341	Sgr	4.7724435	-0.3675460	3.840	0.000
	Eps	63	7582	188119	97433	Dra	5.1843740	1.2264067	3.840	45.372
	Alp		1326	26967	19747	Hor	1.1082918	-0.7381760	3.850	35.261
	Bet		2020	39060	27321	Pic	1.5153157	-0.8912788	3.850	19.440
	Del		2296	44762	30277	Col	1.6672862	-0.5835753	3.850	71.736
	Kap	5	4787	109387	61281	Dra	3.2876919	1.2180345	3.850	150.376
	Tau		4802	109787	61622	Cen	3.3061059	-0.8472056	3.850	40.241
	Gam	41	5933	142860	78072	Ser	4.1733132	0.2733468	3.850	11.254
Tusizuo		109	6895	169414	90139	Her	4.8157911	0.3799539	3.850	36.470
	Alp		6973	171443	91117	Sct	4.8660090	-0.1438862	3.850	61.050
	Mu	37	269	5448	4436	And	0.2476322	0.6719403	3.860	39.777
Sceptrum		53	1481	29503	21594	Eri	1.2137911	-0.2496522	3.860	33.681
	Eps		1862	36597	25859	Col	1.4451873	-0.6190773	3.860	80.710
	Del		6030	145544	79664	TrA	4.2561503	-1.1115248	3.860	186.220
	Gam		6102	147675	81065	Aps	4.3347718	-1.3770150	3.860	47.916
	The	91	6695	163770	87808	Her	4.6960396	0.6501446	3.860	230.947
Sadachbia	Gam	48	8518	212061	110395	Aqr	5.8540798	-0.0242135	3.860	50.201
Maia		20	1149	23408	17573	Tau	0.9853551	0.4252974	3.870	117.509
	Ups-1		5249	121790	68282	Cen	3.6594286	-0.7819701	3.870	131.062
	Mu	107	5487	129502	71957	Vir	3.8530778	-0.0987543	3.870	18.271
Iklil	Rho	5	5928	142669	78104	Sco	4.1751968	-0.5098818	3.870	144.718
	Eta	55	7570	187929	97804	Aql	5.2031441	0.0175521	3.870	423.729
	Eps		25	496	765	Phe	0.0410597	-0.7984432	3.880	44.209
Mesarthim	Gam-2	5	546	11502	8832	Ari	0.4953689	0.3367412	3.880	50.302
Rasalas	Mu	24	3905	85503	48455	Leo	2.5864202	0.4539069	3.880	38.052
	Kap-1		5646	134481	74376	Lup	3.9790674	-0.8506354	3.880	55.188
	Iot		8820	218670	114421	Gru	6.0665830	-0.7897041	3.880	56.180
Azha	Eta	3	874	18322	13701	Eri	0.7698101	-0.1553019	3.890	41.858
	Omi-1	16	2580	50877	33152	CMa	1.8069941	-0.4220941	3.890	0.000
	The	22	3665	79469	45336	Hya	2.4188706	0.0403918	3.890	34.795
Zaniah	Eta	15	4689	107259	60129	Vir	3.2284487	-0.0116379	3.890	81.367
	Eta	21	7615	188947	98110	Cyg	5.2198708	0.6123213	3.890	41.374
Ukdah	Iot	35	3845	83618	47431	Hya	2.5300992	-0.0199458	3.900	80.710
	Pi		4390	98718	55425	Cen	2.9714537	-0.9510477	3.900	109.649
	Nu	38	1251	25490	18907	Tau	1.0609697	0.1045331	3.910	35.855
	Sig		4743	108483	60823	Cen	3.2639397	-0.8766900	3.910	126.263
	Pi		5605	133242	73807	Lup	3.9493232	-0.8211991	3.910	135.870
Zubenelhakrabi	Gam	38	5787	138905	76333	Lib	4.0820035	-0.2581261	3.910	50.025
	Tau	22	6092	147394	79992	Her	4.2749251	0.8083207	3.910	94.251
	Eps	58	6324	153808	83207	Her	4.4518534	0.5397676	3.920	47.529
	Rho-1	44	7340	181577	95168	Sgr	5.0687532	-0.3114924	3.920	38.926
Kitalpha	Alp	8	8131	202447	104987	Equ	5.5668317	0.0915922	3.920	58.343
	Kap		100	2262	2072	Phe	0.1143320	-0.7623568	3.930	23.809
	Del		440	9362	7083	Phe	0.3981578	-0.8564802	3.930	43.573
	Tau	18	854	17878	13531	Per	0.7603426	0.9208790	3.930	77.942
	Nu	48	1463	29248	21444	Eri	1.2056692	-0.0585114	3.930	207.039
	Zet		3024	63295	37504	Vol	2.0150710	-1.2672155	3.930	43.234
	Ome-1	9	5993	144470	78933	Sco	4.2184918	-0.3607455	3.930	144.509
		67	6714	164353	88192	Oph	4.7152045	0.0511655	3.930	377.358
Wurren	Zet		338	6882	5348	Phe	0.2983838	-0.9642204	3.940	91.575
	Alp	26	2970	61935	37447	Mon	2.0125706	-0.1666987	3.940	45.310
		3	2996	62623	37677	Pup	2.0237434	-0.5053570	3.940	0.000
Asellus Australis	Del	47	3461	74442	42911	Cnc	2.2893702	0.3168525	3.940	40.032
	Nu	58	8028	199629	103413	Cyg	5.4854547	0.7185021	3.940	114.811
		50	580	12216	9598	Cas	0.5385915	1.2639900	3.950	48.170
	Nu-2	7	2429	47205	31592	CMa	1.7308601	-0.3360785	3.950	19.751
	Zet	79	5055	116657		UMa	3.5078491	0.9585430	3.950	24.155
		48	1273	25940	19343	Per	1.0849901	0.8327404	3.960	146.199
	Eta		2120	40808	28328	Col	1.5670731	-0.7472651	3.960	144.718
Arkab Prior	Bet-1		7337	181454	95241	Sgr	5.0729661	-0.7759553	3.960	96.154
Rukbat	Alp		7348	181869	95347	Sgr	5.0784115	-0.7088819	3.960	55.741
		32	7751	192909	99848	Cyg	5.3034971	0.8327700	3.960	324.675
		98	8892	220321	115438	Aqr	6.1216137	-0.3508213	3.960	50.100
Beemim		43	1393	28028	20535	Eri	1.1520779	-0.5937060	3.970	90.826
	Nu	32	2012	39003	27673	Aur	1.5336643	0.6832699	3.970	70.621
	Del		2803	57623	35228	Vol	1.9060325	-1.1860760	3.970	226.244
	Bet		3438	74006	42515	Pyx	2.2693747	-0.6162470	3.970	127.551
	Rho		4638	105937	59449	Cen	3.1924346	-0.9140021	3.970	116.144
	Chi	5	5883	141556	77634	Lup	4.1493413	-0.5869048	3.970	59.844
	Eps		7590	188228	98495	Pav	5.2385650	-1.2725283	3.970	32.217
	Del-1		8556	213009	110997	Gru	5.8872987	-0.7591408	3.970	94.877
	Lam	47	8667	215665	112440	Peg	5.9626174	0.4112983	3.970	111.982
Menkib	Xi	46	1228	24912	18614	Per	1.0426816	0.6246714	3.980	381.679
	Rho	73	8252	205435	106481	Cyg	5.6460571	0.7957277	3.980	37.893
	Ups	59	585	12274	9347	Cet	0.5236208	-0.3678776	3.990	89.767
	Gam	5	2227	43232	29651	Mon	1.6356159	-0.1095155	3.990	152.672
Alcor		80	5062	116842	65477	UMa	3.5134558	0.9597209	3.990	25.056
	Gam		8848	219571	114996	Tuc	6.0974380	-1.0164053	3.990	23.057
	Alp		3615	78045	44382	Vol	2.3668699	-1.1588301	4.000	38.300
	Iot	78	4399	99028	55642	Leo	2.9841822	0.1837746	4.000	23.674
Jabbah	Nu	14	6027	145502	79374	Sco	4.2411308	-0.3396534	4.000	145.349
	Phi		496	10516	8068	Per	0.4523042	0.8846853	4.010	220.264
	Mu	57	1520	30211	22109	Eri	1.2457397	-0.0568045	4.010	160.000
Mekbuda	Zet	43	2650	52973	34088	Gem	1.8505240	0.3590194	4.010	421.941
	Ome	28	2749	56139	35037	CMa	1.8972205	-0.4672712	4.010	279.330
	The	13	5986	144284	78527	Dra	4.1970454	1.0221565	4.010	21.035
	Gam-2		6072	146686	80000	Nor	4.2753640	-0.8753787	4.010	39.479
	Zet		6982	171759	91792	Pav	4.9001671	-1.2466558	4.010	66.979
		41	7834	195295	101076	Cyg	5.3642502	0.5300313	4.010	235.849
	Gam		3518	75691	43409	Pyx	2.3148835	-0.4836280	4.020	63.573
Alchiba	Alp	1	4623	105452	59199	Crv	3.1783035	-0.4316003	4.020	14.937
	Eps	13	7176	176411	93244	Aql	4.9725418	0.2629914	4.020	47.506
		12	7193	176678	93429	Aql	4.9815207	-0.1001665	4.020	44.131
	Gam	9	664	14055	10670	Tri	0.5991469	0.5907450	4.030	34.435
	Bet	10	1603	31910	23522	Cam	1.3239118	1.0549162	4.030	267.380
	Iot	48	3475	74739	43103	Cnc	2.2981494	0.5019549	4.030	101.523
	Mu-1		4898	112092	63003	Cru	3.3798039	-0.9979430	4.030	127.065
		70	6752	165341	88601	Oph	4.7361898	0.0436350	4.030	5.083
Aldulfin	Eps	2	7852	195810	101421	Del	5.3809061	0.1972792	4.030	101.317
	Ome	28	9072	224617	118268	Psc	6.2801811	0.1197876	4.030	31.990
Beid	Omi-1	38	1298	26574	19587	Eri	1.0989713	-0.1193383	4.040	37.313
	Nu	3	4517	102212	57380	Vir	3.0798923	0.1139591	4.040	90.090
	The	23	5404	126660	70497	Boo	3.7751386	0.9049662	4.040	14.531
	Eta	62	8597	213998	111497	Aqr	5.9138577	-0.0020507	4.040	51.467
	Iot		937	19373	14632	Per	0.8249313	0.8659150	4.050	10.541
	Alp		3318	71243	40702	Cha	2.1752134	-1.3425024	4.050	19.562
	Sig	77	4386	98664	55434	Leo	2.9720190	0.1052315	4.050	67.476
	Ups	5	5200	120477	67459	Boo	3.6192779	0.2757255	4.050	80.775
	Psi		5367	125473	70090	Cen	3.7548898	-0.6612231	4.050	79.365
	Rho		5453	128345	71536	Lup	3.8305057	-0.8626434	4.050	96.899
	Tau-2	71	8679	216032	112716	Aqr	5.9759712	-0.2372362	4.050	97.371
	Omi-2	9	1580	31421	22957	Ori	1.2931636	0.2358719	4.060	57.013
	Ups	69	2905	60522	36962	Gem	1.9893371	0.4694192	4.060	83.056
	Gam	15	4405	99211	55705	Crt	2.9883619	-0.3086442	4.060	25.240
	Eps		4671	106849	59929	Mus	3.2182782	-1.1861386	4.060	92.421
	Zet		4679	106983	60009	Cru	3.2220431	-1.1170643	4.060	109.649
	Eps-1		6295	152980	83153	Ara	4.4487750	-0.9278247	4.060	110.620
Syrma	Iot	99	5338	124850	69701	Vir	3.7350678	-0.1047293	4.070	22.237
	Lam		5626	133955	74117	Lup	3.9655785	-0.7902826	4.070	238.095
	Bet		5670	135379	74824	Cir	4.0034146	-1.0262747	4.070	30.553
	Del	27	8571	213306	110991	Cep	5.8868688	1.0195375	4.070	265.252
Shimu	Zet	34	215	4502	3693	And	0.2065547	0.4235422	4.080	58.005
	Del		705	15008	11001	Hyi	0.6185006	-1.1983329	4.080	42.827
	Del	82	779	16582	12387	Cet	0.6958742	0.0057336	4.080	199.203
	Tau-3	11	919	18978	14146	Eri	0.7958344	-0.4123248	4.080	27.174
	The	14	2574	50778	33160	CMa	1.8072448	-0.2101137	4.080	79.936
Alkes	Alp	7	4287	95272	53740	Crt	2.8788100	-0.3193740	4.080	48.804
		13	7157	175865	92862	Lyr	4.9538332	0.7670039	4.080	91.408
	The	23	8075	200761	104139	Cap	5.5237362	-0.3007702	4.080	49.727
		1	8173	203504	105502	Peg	5.5941581	0.3456539	4.080	47.778
	Phi-2	40	1907	37160	26366	Ori	1.4700317	0.1621528	4.090	36.023
Gudja	Kap	35	5879	141477	77450	Ser	4.1396576	0.3166300	4.090	117.096
Titawin	Ups	50	458	9826	7513	And	0.4223607	0.7226616	4.100	13.492
	The	13	799	16895	12777	Per	0.7164491	0.8591985	4.100	11.127
	Zet		6905	169767	90568	Tel	4.8381848	-0.8564433	4.100	38.700
	Bet		7259	178345	94160	CrA	5.0179493	-0.6866264	4.100	145.349
	Iot		794	16815	12486	Eri	0.7010413	-0.6956075	4.110	46.189
Muliphein	Gam	23	2657	53244	34045	CMa	1.8489940	-0.2728523	4.110	135.501
Zhang	Ups-1	39	3903	85444	48356	Hya	2.5808106	-0.2591221	4.110	80.906
	Gam		4174	92305	51839	Cha	2.7727607	-1.3719647	4.110	128.041
	Eps		5771	138538	76440	TrA	4.0872121	-1.1574507	4.110	61.843
Meridiana	Alp		7254	178253	94114	CrA	5.0155184	-0.6615579	4.110	38.432
	Zet		8747	217364	113638	Gru	6.0252283	-0.9207334	4.110	33.378
	Eps		806	16978	12394	Hyi	0.6963336	-1.1914830	4.120	46.555
	Mu	51	1303	26630	19812	Per	1.1122009	0.8449022	4.120	276.243
	Mu	61	2124	40932	28614	Ori	1.5811955	0.1683767	4.120	47.506
	Omi	9	4608	104979	58948	Vir	3.1643213	0.1524193	4.120	50.050
	Iot		7581	188114	98032	Sgr	5.2153123	-0.7307395	4.120	55.741
	Ome	18	7980	198542	102978	Cap	5.4621018	-0.4698275	4.120	258.398
	Del-2		8560	213080	111043	Gru	5.8894271	-0.7635680	4.120	101.215
		29	1784	35369	25247	Ori	1.4134860	-0.1362764	4.130	48.239
	Nu	18	2343	45542	30883	Gem	1.6971718	0.3527683	4.130	166.945
	The	46	5908	142198	77853	Lib	4.1618493	-0.2919813	4.130	51.653
	Psi	16	7936	197692	102485	Cap	5.4371178	-0.4410604	4.130	14.678
	Bet		8630	214846	112405	Oct	5.9605678	-1.4203771	4.130	45.767
	Iot	17	8969	222368	116771	Psc	6.1957036	0.0981973	4.130	13.714
		5	1066	21754	16369	Tau	0.9201069	0.2257876	4.140	104.932
Merope		23	1156	23480	17608	Tau	0.9875344	0.4179777	4.140	116.550
	Del	4	3410	73262	42313	Hya	2.2587009	0.0995498	4.140	49.164
	Eta		4616	105211	59072	Cru	3.1716176	-1.1277223	4.140	19.755
	The	4	5778	138749	76127	CrB	4.0706739	0.5473201	4.140	115.075
	Eps	13	5947	143107	78159	CrB	4.1782642	0.4691075	4.140	67.889
	Kap	10	8315	206901	107354	Peg	5.6925900	0.4475903	4.140	34.223
		1	8498	211388	109937	Lac	5.8292670	0.6588397	4.140	190.476
	Del	22	2714	55185	34769	Mon	1.8843636	-0.0086004	4.150	117.786
	Rho	75	6484	157778	85112	Her	4.5539240	0.6483191	4.150	120.627
Kaffalmusalsala	Kap	19	8976	222439	116805	And	6.1976997	0.7737731	4.150	51.626
		1	2134	41116	28734	Gem	1.5887743	0.4060219	4.160	47.551
	Rho	62	2852	58946	36366	Gem	1.9596195	0.5547451	4.160	18.047
		44	6486	157792	85340	Oph	4.5656516	-0.4219387	4.160	25.497
	Kap	15	130	2905	2599	Cas	0.1439889	1.0983668	4.170	0.000
Ancha	The	43	8499	211391	110003	Aqr	5.8330384	-0.1358440	4.170	57.471
Kang	Kap	98	5315	124294	69427	Vir	3.7214598	-0.1793099	4.180	78.125
Xuange	Lam	19	5351	125162	69732	Boo	3.7366821	0.8043927	4.180	30.358
	Eps	23	8494	211336	109857	Cep	5.8251787	0.9955984	4.180	26.199
	Eps	18	8628	214748	111954	PsA	5.9369802	-0.4720002	4.180	149.254
		2	5192	120323	67457	Cen	3.6191385	-0.6012795	4.190	56.117
		110	7061	173667	92043	Her	4.9116275	0.3586007	4.190	19.209
		32	1839	36267	25813	Ori	1.4433183	0.1038146	4.200	92.850
		11	3102	65228	38835	Pup	2.0806900	-0.3993334	4.200	160.000
	Bet	31	4100	90537	51233	LMi	2.7396592	0.6406617	4.200	47.192
	Sig	35	6168	149630	81126	Her	4.3375929	0.7406661	4.200	96.525
	Xi	46	8665	215648	112447	Peg	5.9633230	0.2124570	4.200	16.297
	Del	23	8720	216763	113246	PsA	6.0037071	-0.5679236	4.200	47.259
	Kap-1	65	1387	27934	20635	Tau	1.1578922	0.3891015	4.210	47.192
	Eps	22	6322	153751	82080	UMi	4.3893702	1.4318203	4.210	93.197
	The	2	7850	195725	101093	Cep	5.3650587	1.0994545	4.210	41.841
	Gam		8181	203608	105858	Pav	5.6131635	-1.1408554	4.210	9.262
		16	840	17584	13254	Per	0.7443123	0.6687865	4.220	37.023
	Tau-6	27	1173	23754	17651	Eri	0.9898123	-0.4057842	4.220	17.627
	The		5987	144294	78918	Lup	4.2175552	-0.6423211	4.220	127.065
	Chi	7	6118	148184	80569	Oph	4.3067043	-0.3221223	4.220	161.031
	Phi	43	6920	170000	89908	Dra	4.8029598	1.2450797	4.220	92.850
	Bet		7063	173764	92175	Sct	4.9182268	-0.0828659	4.220	280.899
	Lam		7074	173948	92609	Pav	4.9402298	-1.0853783	4.220	438.596
	Del-2	12	7139	175588	92791	Lyr	4.9502108	0.6440023	4.220	225.734
		52	7942	197912	102453	Cyg	5.4352283	0.5361602	4.220	61.652
	Sig	67	8143	202850	105102	Cyg	5.5737782	0.6875669	4.220	884.956
	Phi	90	8834	219215	114724	Aqr	6.0838803	-0.1055750	4.220	61.958
	Zet		77	1581	1599	Tuc	0.0874781	-1.1322787	4.230	8.587
	Sig	75	2973	62044	37629	Gem	2.0215801	0.5041123	4.230	38.344
	Bet	43	4983	114710	64394	Com	3.4552032	0.4865661	4.230	9.129
		1	5168	119756	67153	Cen	3.6027448	-0.5767217	4.230	19.402
	Tau	93	5264	122408	68520	Vir	3.6723759	0.0269572	4.230	68.966
	Phi	11	6023	145389	79101	Her	4.2270554	0.7842621	4.230	62.539
	Bet		6163	149324	81852	Aps	4.3767952	-1.3529345	4.230	48.123
	Gam		7226	177474	93825	CrA	5.0021933	-0.6468790	4.230	17.304
Garnet Star	Mu		8316	206936	107259	Cep	5.6876250	1.0259053	4.230	0.000
	Pi-2	81	8335	207330	107533	Cyg	5.7019622	0.8606144	4.230	338.983
	Kap		721	15371	11407	Eri	0.6413443	-0.8325891	4.240	155.763
	Pi	89	811	17081	12770	Cet	0.7161195	-0.2418799	4.240	120.482
	Bet		4674	106911	60000	Cha	3.2216539	-1.3842597	4.240	91.491
Chara	Bet	8	4785	109358	61317	CVn	3.2888316	0.7218242	4.240	8.440
	Omi	56	6581	160613	86565	Ser	4.6312948	-0.2247165	4.240	53.107
	Psi-1	91	8841	219449	114855	Aqr	6.0907258	-0.1586109	4.240	45.935
	Kap		377	7788	5896	Tuc	0.3305752	-1.2021117	4.250	20.956
	Lam	47	1261	25642	19167	Per	1.0759262	0.8787953	4.250	129.366
		88	1458	29140	21402	Tau	1.2027689	0.1773392	4.250	47.893
		58	1454	29094	21476	Per	1.2072901	0.7202068	4.250	244.499
	Lam	69	1679	33328	23972	Eri	1.3489056	-0.1527875	4.250	248.756
Alsciaukat		31	3275	70272	41075	Lyn	2.1940327	0.7537751	4.250	117.233
		5	5430	127700	70692	UMi	3.7852939	1.3211443	4.250	110.011
	Nu	10	8334	207260	107418	Cep	5.6960949	1.0667593	4.250	0.000
	Phi	42	335	6811	5434	And	0.3032600	0.8245248	4.260	219.780
Torcular	Omi	110	510	10761	8198	Psc	0.4598673	0.1598326	4.260	85.690
82 G. Eri			1008	20794	15510	Eri	0.8723008	-0.7517095	4.260	6.043
	Tau-5	19	1088	22203	16611	Eri	0.9328257	-0.3775650	4.260	89.928
	Gam		1338	27290	19893	Dor	1.1171234	-0.8986115	4.260	20.462
	Alp	9	1542	30614	22783	Cam	1.2830360	1.1578982	4.260	0.000
Acubens	Alp	65	3572	76756	44066	Cnc	2.3495929	0.2069559	4.260	57.737
Bodu		95	6729	164668	88267	Her	4.7189636	0.3769175	4.260	127.877
Kurhah	Xi	17	8417	209790	108917	Cep	5.7761153	1.1279709	4.260	29.595
	Eps	71	294	6186	4906	Psc	0.2746427	0.1377088	4.270	55.741
	Mu	87	813	17094	12828	Cet	0.7196967	0.1765251	4.270	25.773
	Mu	49	1320	26912	19860	Tau	1.1149787	0.1552009	4.270	139.665
		90	1473	29388	21589	Tau	1.2136919	0.2183553	4.270	47.081
	Tau	94	1497	29763	21881	Tau	1.2315263	0.4006739	4.270	122.100
	Xi-2		4942	113791	64004	Cen	3.4335461	-0.8710283	4.270	143.267
	Mu		5683	135734	74911	Lup	4.0078599	-0.8355811	4.270	102.881
Arkab Posterior	Bet-2		7343	181623	95294	Sgr	5.0754985	-0.7819036	4.270	41.135
	Gam-2	12	7948	197964	102532	Del	5.4395733	0.2814221	4.270	38.730
	The	10	8916	220954	115830	Psc	6.1434205	0.1113344	4.270	45.537
	Ups	69	1392	28024	20711	Tau	1.1619863	0.3981721	4.280	47.148
	Alp		4104	90610	51172	Ant	2.7364660	-0.5422350	4.280	112.233
		45	6492	157919	85423	Oph	4.5699463	-0.5212781	4.280	34.211
		33	7740	192696	99655	Cyg	5.2944444	0.9872930	4.280	48.828
	Iot	32	8167	203387	105515	Cap	5.5948562	-0.2938182	4.280	60.314
	Pi-2	29	8454	210459	109410	Peg	5.8031649	0.5790692	4.280	80.645
	The		8787	218227	114131	Gru	6.0514012	-0.7595735	4.280	40.437
		10	1101	22484	16852	Tau	0.9462872	0.0070103	4.290	13.963
	Lam	6	1756	34816	24845	Lep	1.3944108	-0.2299783	4.290	261.097
	Bet		4552	103192	57936	Hya	3.1106514	-0.5918084	4.290	94.967
	Zet	16	5903	142105	77055	UMi	4.1192298	1.3577700	4.290	113.122
	Phi	8	6147	148786	80894	Oph	4.3246618	-0.2899469	4.290	74.683
	Iot	33	8418	209819	109139	Aqr	5.7876739	-0.2420716	4.290	53.706
	Bet	17	8576	213398	111188	PsA	5.8970548	-0.5645455	4.290	43.783
Rasalnaqa	Iot	17	8965	222173	116631	And	6.1877882	0.7551703	4.290	153.139
	Alp		280	5737	4577	Scl	0.2557168	-0.5123841	4.300	238.095
	Xi-2	73	718	15318	11484	Cet	0.6464658	0.1476558	4.300	59.207
Taygeta		19	1145	23338	17531	Tau	0.9826562	0.4270346	4.300	125.471
	Del-3	68	1389	27962	20648	Tau	1.1584172	0.3129011	4.300	45.537
	Pi	35	2091	40239	28404	Aur	1.5705127	0.8017473	4.300	230.415
	Eta	7	3454	74280	42799	Hya	2.2829979	0.0593178	4.300	179.856
		54	4259	94601	53417	Leo	2.8606530	0.4319641	4.300	87.951
	Ups	91	4471	100920	56647	Leo	3.0410130	-0.0143771	4.300	55.648
	Eta	8	4775	109085	61174	Crv	3.2815271	-0.2826737	4.300	18.282
	Alp-1	5	7747	192876	100027	Cap	5.3129909	-0.2183095	4.300	174.520
	Del		5339	124882	70638	Oct	3.7826873	-1.4602801	4.310	91.659
Alkalurops	Mu-1	51	5733	137391	75411	Boo	4.0338522	0.6523546	4.310	34.686
	Ome-2	10	5997	144608	78990	Sco	4.2211025	-0.3642286	4.310	89.127
		71	7884	196574	101847	Aql	5.4032690	-0.0192880	4.310	103.413
	Psi	37	1087	22192	16826	Per	0.9446138	0.8411201	4.320	178.891
		54	1496	29755	21763	Eri	1.2236584	-0.3433323	4.320	112.994
		119	1845	36389	25945	Tau	1.4495506	0.3245306	4.320	549.451
	Kap	44	2219	43039	29696	Aur	1.6378966	0.5148386	4.320	54.259
		12	3484	74918	43067	Hya	2.2967470	-0.2364523	4.320	75.132
Alterf	Lam	4	3773	82308	46750	Leo	2.4946012	0.4008667	4.320	100.908
	The-1		4599	104671	58758	Cru	3.1547997	-1.1050191	4.320	72.046
Diadem	Alp	42	4968	114378	64241	Com	3.4469736	0.3059463	4.320	17.825
		3	5210	120709	67669	Cen	3.6295288	-0.5758555	4.320	105.374
	Omi		5528	130807	72683	Lup	3.8905068	-0.7605335	4.320	123.916
	Nu	53	6446	156928	84880	Ser	4.5414675	-0.2242203	4.320	62.305
	Gam	4	2854	58972	36284	CMi	1.9554811	0.1557799	4.330	97.561
	Tau-2		5396	126354	70576	Lup	3.7794239	-0.7920178	4.330	97.847
Guniibuu		36	6401	155885	84405	Oph	4.5175674	-0.4643070	4.330	5.933
	Pi		6745	165040	88866	Pav	4.7498264	-1.1112259	4.330	39.856
	Kap	1	6872	168775	89826	Lyr	4.7990527	0.6294451	4.330	77.160
Alula Australis	Xi	53	4375	98231		UMa	2.9591494	0.5502811	4.330	10.417
	Pi	29	154	3369	2912	And	0.1609228	0.5885136	4.340	183.486
	Eps	30	163	3546	3031	And	0.1682327	0.5115866	4.340	50.226
	The	33	343	6961	5542	Cas	0.3102368	0.9625473	4.340	40.950
	Del		2015	39014	27100	Dor	1.5043576	-1.1473014	4.340	45.872
	Xi-1	4	2387	46328	31125	CMa	1.7097948	-0.4087286	4.340	423.729
	The		3340	71701	40888	Cha	2.1844841	-1.3523592	4.340	47.619
	Ups-2		5260	122223	68523	Cen	3.6727177	-0.7959298	4.340	389.105
	Ome		5797	139127	76552	Lup	4.0930324	-0.7429404	4.340	67.024
	Sig	49	6498	157999	85355	Oph	4.5662817	0.0722629	4.340	276.243
	Zet-1	6	7056	173648	91971	Lyr	4.9077461	0.6563331	4.340	47.870
		111	7069	173880	92161	Her	4.9175576	0.3173274	4.340	28.893
		9	8313	206859	107348	Peg	5.6920056	0.3028149	4.340	284.091
		5	8572	213310	111022	Lac	5.8884371	0.8326422	4.340	505.050
Botein	Del	57	951	19787	14838	Ari	0.8361407	0.3442955	4.350	52.029
	Pi-2	2	1544	30739	22509	Ori	1.2680342	0.1553374	4.350	68.823
		15	2560	50522	33449	Lyn	1.8207131	1.0196695	4.350	54.675
	Eps		3223	68520	39794	Vol	2.1289979	-1.1975937	4.350	172.414
	Rho	13	3492	75137	43234	Hya	2.3057232	0.1018890	4.350	108.578
	Gam	15	4737	108381	60742	Com	3.2591318	0.4933771	4.350	51.282
		2	5686	135758	74857	Lup	4.0047918	-0.5261936	4.350	99.900
Yildun	Del	23	6789	166205	85822	UMi	4.5911543	1.5112188	4.350	52.770
	Xi		6855	168339	90098	Pav	4.8137359	-1.0732710	4.350	143.678
	The	21	7314	180809	94713	Lyr	5.0456083	0.6655592	4.350	255.102
	Iot	9	8305	206742	107380	PsA	5.6939044	-0.5764086	4.350	62.617
	Bet-1		126	2884	2484	Tuc	0.1376344	-1.0988282	4.360	41.408
	Eta		191	4150	3405	Phe	0.1891676	-1.0029196	4.360	75.529
	Xi-1	65	649	13611	10324	Cet	0.5803217	0.1544043	4.360	117.509
	Sig	35	1052	21552	16335	Per	0.9188055	0.8376745	4.360	110.254
		37	1256	25604	19038	Tau	1.0676842	0.3854023	4.360	57.372
	Ome	61	1560	31109	22701	Eri	1.2779933	-0.0951675	4.360	72.046
	Kap	4	1705	33949	24327	Lep	1.3667294	-0.2258681	4.360	223.214
	Gam		2106	40494	28199	Col	1.5600488	-0.6158094	4.360	266.667
	Iot	20	2596	51309	33347	CMa	1.8157405	-0.2976527	4.360	769.231
	Zet	29	3188	67594	39863	Mon	2.1318941	-0.0520769	4.360	324.675
	Chi		5285	122980	68862	Cen	3.6915729	-0.7187202	4.360	156.494
	Iot	41	7447	184930	96468	Aql	5.1344152	-0.0224554	4.360	119.904
		30	9089	224935	154	Psc	0.0085535	-0.1049654	4.370	132.450
	Kap		2256	43785	29807	Col	1.6430192	-0.6133178	4.370	55.960
	Tau	30	2782	57061	35415	CMa	1.9142253	-0.4355360	4.370	917.431
Ramus		102	6787	166182	88886	Her	4.7506038	0.3632825	4.370	280.899
	The-1		7623	189103	98412	Sgr	5.2348371	-0.6156877	4.370	158.982
	The	51	4963	114330	64238	Vir	3.4468065	-0.0966740	4.380	96.805
	Kap	1	7750	192907	99255	Cep	5.2747721	1.3563201	4.380	96.525
		99	8906	220704	115669	Aqr	6.1350351	-0.3602711	4.380	86.881
	Bet		8937	221507	116231	Scl	6.1652479	-0.6600533	4.380	53.362
	Psi		555	11695	8837	Phe	0.4958746	-0.8081340	4.390	104.822
	Phi-1	37	1876	36822	26176	Ori	1.4609305	0.1656244	4.390	333.333
	Chi-1	54	2047	39587	27913	Ori	1.5462882	0.3538860	4.390	8.663
	Eps	8	2298	44769	30419	Mon	1.6745042	0.0801606	4.390	37.495
Yunü		31	3980	87837	49637	Leo	2.6524839	0.1744894	4.390	90.580
		110	5601	133165	73620	Vir	3.9396472	0.0365001	4.390	59.916
	Iot	25	6281	152614	82673	Oph	4.4244440	0.1774190	4.390	75.188
	Xi	40	6445	156897	84893	Oph	4.5422458	-0.3684902	4.390	17.355
Sham	Alp	5	7479	185758	96757	Sge	5.1491424	0.3144017	4.390	130.378
	Bet	6	7488	185958	96837	Sge	5.1532983	0.3050145	4.390	134.771
	The		8140	202730	105319	Ind	5.5844679	-0.9328685	4.390	30.285
Kui	Eta	38	271	5516	4463	And	0.2496113	0.4087151	4.400	70.422
	Omi		3034	63462	38070	Pup	2.0424111	-0.4526890	4.400	434.783
		16	3192	67797	39906	Pup	2.1337841	-0.3358889	4.400	142.653
	Kap		7107	174694	93015	Pav	4.9608829	-1.1734458	4.400	153.374
	Del		8368	208450	108431	Ind	5.7505003	-0.9598015	4.400	57.670
	Tau	46	2697	54719	34693	Gem	1.8812012	0.5278777	4.410	98.425
Maasym	Lam	76	6526	158899	85693	Her	4.5847115	0.4557167	4.410	113.250
	Nu	94	6707	164136	87998	Her	4.7058549	0.5269023	4.410	263.852
	Ups	66	8146	202904	105138	Cyg	5.5759688	0.6090658	4.410	196.850
	Pi	33	8819	218658	114222	Cep	6.0558446	1.3157600	4.410	75.643
	Psi-2	93	8858	219688	115033	Aqr	6.0995050	-0.1602651	4.410	123.153
	Gam		8863	219784	115102	Scl	6.1035210	-0.5677910	4.410	55.866
	Nu	67	2159	41753	29038	Ori	1.6038358	0.2577585	4.420	158.228
	Nu-3	8	2443	47442	31700	CMa	1.7361242	-0.3183040	4.420	129.199
		27	2745	56014	34981	CMa	1.8947885	-0.4599380	4.420	531.915
		60	4300	95608	53954	Leo	2.8899580	0.3522047	4.420	38.865
Solitaire		58	5526	130694	72571	Hya	3.8846177	-0.4880005	4.420	101.523
	Lam	27	5868	141004	77257	Ser	4.1296391	0.1283353	4.420	12.124
		68	6723	164577	88290	Oph	4.7200392	0.0227779	4.420	89.686
	Bet	3	8538	212496	110538	Lac	5.8623885	0.9115688	4.420	52.111
Alkarab	Ups	68	8905	220657	115623	Peg	6.1321252	0.4084786	4.420	52.247
	Pi	26	1162	23614	17593	Eri	0.9867317	-0.2112126	4.430	147.493
Keid	Omi-2	40	1325	26965	19849	Eri	1.1138351	-0.1335678	4.430	4.984
		7	1568	31278	23040	Cam	1.2971582	0.9381511	4.430	114.025
Aladfar	Eta	20	7298	180163	94481	Lyr	5.0342195	0.6832260	4.430	425.532
		62	7650	189763	98688	Sgr	5.2475853	-0.4836280	4.430	137.552
		39	7806	194317	100587	Cyg	5.3400979	0.5618245	4.430	76.628
	Del	11	7928	197461	102281	Del	5.4256130	0.2631011	4.430	68.446
		3	7951	198026	102624	Aqr	5.4442809	-0.0877499	4.430	179.533
		7	48	1038	1170	Cet	0.0638803	-0.3304408	4.440	137.174
	Del	63	224	4656	3786	Psc	0.2124170	0.1323846	4.440	95.420
	Eps		1355	27442	19921	Ret	1.1191237	-1.0350179	4.440	18.238
	Alp		1502	29875	21770	Cae	1.2241842	-0.7306603	4.440	20.165
		2	2238	43378	30060	Lyn	1.6564184	1.0299356	4.440	48.008
	Sig		5425	127381	71121	Lup	3.8075133	-0.8806435	4.440	176.367
Anser	Alp	6	7405	183439	95771	Vul	5.0994403	0.4304838	4.440	91.158
	Nu	106	489	10380	7884	Psc	0.4425787	0.0957769	4.450	111.359
	Bet		841	17652	13147	For	0.7377950	-0.5655896	4.450	52.938
	Iot	3	1696	33802	24244	Lep	1.3626587	-0.2071569	4.450	71.073
	Xi	70	2199	42560	29426	Ori	1.6228941	0.2479897	4.450	186.220
Minchir	Sig	5	3418	73471	42402	Hya	2.2635057	0.0583190	4.450	114.286
	Del-2		4234	93845	52633	Cha	2.8177696	-1.4056915	4.450	107.527
	Phi	74	4368	98058	55084	Leo	2.9524936	-0.0637325	4.450	56.465
	Ome	9	6153	148898	80975	Oph	4.3290127	-0.3746592	4.450	51.706
	Tau	60	7352	181984	94648	Dra	5.0420544	1.2802944	4.450	44.883
	Mu	38	7429	184406	96229	Aql	5.1229305	0.1287868	4.450	32.992
	Iot		707	15089	11569	Cas	0.6504240	1.1763951	4.460	40.733
		32	1211	24554	18255	Eri	1.0222904	-0.0515698	4.460	95.969
	Rho	17	1698	33856	24331	Ori	1.3669914	0.0499385	4.460	107.296
		15	3619	78209	44901	UMa	2.3949048	0.9006710	4.460	28.818
	Bet	11	4343	97277	54682	Crt	2.9306615	-0.3983862	4.460	104.275
	Eps		6115	147971	80582	Nor	4.3074028	-0.8299876	4.460	162.602
	Gam	22	8695	216336	112948	PsA	5.9887729	-0.5737858	4.460	66.050
	Tau-1	1	818	17206	12843	Eri	0.7203973	-0.3241524	4.470	14.221
	Pi-6	10	1601	31767	23123	Ori	1.3026630	0.0299152	4.470	289.855
	Lam		2361	45813	30788	CMa	1.6937118	-0.5686295	4.470	129.870
		13	2385	46300	31216	Mon	1.7143662	0.1279844	4.470	0.000
	Kap	1	3731	81146	46146	Leo	2.4637694	0.4569678	4.470	61.728
		26	3799	82621	47006	UMa	2.5081441	0.9084697	4.470	80.386
	Sig	28	5447	128167	71284	Boo	3.8165115	0.5191505	4.470	15.833
		16	5570	132052	73165	Lib	3.9147008	-0.0758601	4.470	26.903
	Del	7	8123	202275	104858	Equ	5.5609691	0.1746548	4.470	18.488
	Lam		8411	209688	109111	Gru	5.7862675	-0.6901617	4.470	74.239
	Omi	22	193	4180	3504	Cas	0.1951505	0.8427211	4.480	215.517
	Gam		1264	25705	18744	Ret	1.0511104	-1.0848842	4.480	143.885
		71	1394	28052	20713	Tau	1.1621521	0.2725902	4.480	49.092
		18	2506	49293	32578	Mon	1.7796286	0.0421001	4.480	112.867
	Alp	15	3981	87887	49641	Sex	2.6526300	-0.0064863	4.480	86.881
	Gam		5704	136415	75323	Cir	4.0289945	-1.0353431	4.480	137.552
	Psi	4	6104	147700	80343	Oph	4.2939597	-0.3497173	4.480	61.162
Fumalsamakah	Bet	4	8773	217891	113889	Psc	6.0383021	0.0666724	4.480	125.156
		86	8789	218240	114119	Aqr	6.0505360	-0.4143955	4.480	66.313
		48	575	12111	9480	Cas	0.5321449	1.2375610	4.490	35.261
	Ups-1	50	1453	29085	21248	Eri	1.1934098	-0.5195233	4.490	38.956
		30	2478	48433	32249	Gem	1.7627311	0.2308725	4.490	88.574
		21	3974	87696	49593	LMi	2.6504101	0.6151359	4.490	28.241
	Pi-1	29	5475	129174	71762	Boo	3.8428926	0.2865538	4.490	93.721
	The	13	7469	185395	96441	Cyg	5.1331979	0.8765236	4.490	18.335
		24	8080	200914	104234	Cap	5.5288881	-0.4364345	4.490	139.860
	Mu-1	78	8309	206826	107310	Cyg	5.6903956	0.5016536	4.490	22.237
	Lam	18	8984	222603	116928	Psc	6.2048496	0.0310676	4.490	32.690
	Ome-2	105	8988	222661	116971	Aqr	6.2077974	-0.2538565	4.490	45.537
	Eps		9076	224686	118322	Tuc	6.2828172	-1.1445369	4.490	114.416
	Ome	47	1934	37490	26594	Ori	1.4799771	0.0719332	4.500	423.729
	Gam		2042	39523	27530	Pic	1.5264086	-0.9802932	4.500	54.200
		93	4527	102509	57565	Leo	3.0891703	0.3528869	4.500	71.327
	Tau	4	5185	120136	67275	Boo	3.6096141	0.3046805	4.500	15.618
		23	7744	192806	99874	Vul	5.3047928	0.4854501	4.500	103.842
	Nu	13	8093	201381	104459	Aqr	5.5396493	-0.1984735	4.500	48.852
		36	8213	204381	106039	Cap	5.6231159	-0.3806071	4.500	52.466
	Mu	14	8431	210049	109285	PsA	5.7961657	-0.5757574	4.500	41.649
		11	8632	214868	111944	Lac	5.9363620	0.7727673	4.500	102.041
	Sig	25	68	1404	1473	And	0.0799700	0.6420233	4.510	41.322
	Tau	83	352	7106	5586	Psc	0.3126779	0.5251633	4.510	51.760
	Tau	29	1995	38656	27483	Aur	1.5235592	0.6838387	4.510	63.411
	Eps		3765	82150	46515	Ant	2.4838015	-0.6274692	4.510	217.865
	Iot	21	5842	140159	76852	Ser	4.1082911	0.3433133	4.510	58.275
	Rho	67	7685	190940	98702	Dra	5.2482819	1.1846172	4.510	131.406
	Eta		7920	197157	102333	Ind	5.4281396	-0.9061919	4.510	24.172
	Eps	39	8260	205637	106723	Cap	5.6595814	-0.3397460	4.510	323.625
	Del		8540	212581	110838	Tuc	5.8788444	-1.1338768	4.510	76.923
	Rho	7	9045	224014	117863	Cas	6.2586805	1.0035535	4.510	0.000
Lilii Borea		39	824	17361	13061	Ari	0.7326404	0.5104585	4.520	52.604
Khambalia	Lam	100	5359	125337	69974	Vir	3.7485739	-0.2333696	4.520	57.175
	Psi	43	5616	133582	73745	Boo	3.9463897	0.4703252	4.520	75.415
	Eps		6783	166063	89112	Tel	4.7613867	-0.8020559	4.520	128.205
	Ups	46	7342	181615	95176	Sgr	5.0689905	-0.2784676	4.520	546.448
	Bet-2		127	2885	2487	Tuc	0.1376924	-1.0989564	4.530	51.653
	Nu	35	226	4727	3881	And	0.2173548	0.7169622	4.530	189.394
	Kap-2	17	5329	124675	69483	Boo	3.7240225	0.9039054	4.530	50.100
	Lam	54	7963	198183	102589	Cyg	5.4428482	0.6368832	4.530	235.849
Honores		7	8830	219080	114570	And	6.0761438	0.8623010	4.530	24.588
	Xi-2	5	2414	46933	31416	CMa	1.7237590	-0.4008112	4.540	135.318
	Tau-2	32	3787	82446	46776	Hya	2.4957429	-0.0206763	4.540	158.730
	Xi	37	5544	131156	72659	Boo	3.8894207	0.3333659	4.540	6.712
	Iot-1	24	5652	134759	74392	Lib	3.9803173	-0.3454305	4.540	116.414
	Phi-2		5712	136664	75304	Lup	4.0280274	-0.6433020	4.540	159.236
	Gam-1		1652	32831	23595	Cae	1.3282236	-0.6192948	4.550	55.586
	Phi	30	3894	85235	48402	UMa	2.5835496	0.9436006	4.550	156.006
	Omi	19	6081	147084	80079	Sco	4.2788333	-0.4218342	4.550	269.542
	Del		1247	25422	18597	Ret	1.0417247	-1.0716354	4.560	161.290
	Tau-1		5395	126341	70574	Lup	3.7792361	-0.7892627	4.560	334.448
	Sig	1	6537	159217	86092	Ara	4.6061854	-0.8116773	4.560	116.009
Cujam	Ome	24	6117	148112	80463	Her	4.2996879	0.2449268	4.570	76.687
	Rho	5	6112	147933	80473	Oph	4.3004271	-0.4092305	4.570	110.742
Dziban	Psi-1	31	6636	162003	86614	Dra	4.6335817	1.2592349	4.570	22.836
	Del		7242	177873	94005	CrA	5.0106193	-0.7068008	4.570	54.734
	Mu	57	6567	159975	86284	Oph	4.6157205	-0.1416993	4.580	231.482
Salm	Tau	62	8880	220061	115250	Peg	6.1114333	0.4143470	4.580	49.579
	Mu		180	3919	3245	Phe	0.1803186	-0.8043351	4.590	75.358
	Gam		1148	23401	17959	Cam	1.0051269	1.2449829	4.590	110.011
	Psi-2	30	1811	35715	25473	Ori	1.4260960	0.0540297	4.590	348.432
	Pi-2	4	3403	73108	42527	UMa	2.2698635	1.1227343	4.590	78.493
	Tau-1	31	3759	81997	46509	Hya	2.4833779	-0.0483275	4.590	17.334
	Del	10	5889	141714	77512	CrB	4.1433863	0.4549793	4.590	52.138
	Eps-2	5	7053	173607	91926	Lyr	4.9060317	0.6913724	4.590	47.687
	Del		9016	223352	117452	Scl	6.2348643	-0.4909658	4.590	42.141
	Ups-2	40	3970	87504	49402	Hya	2.6403538	-0.2280207	4.600	96.154
	Iot		4273	94890	53502	Ant	2.8654699	-0.6481763	4.600	58.275
	Omi	35	5502	129972	72125	Boo	3.8625926	0.2960825	4.600	74.516
	Chi	1	5914	142373	77760	Her	4.1568253	0.7409188	4.600	15.893
	Pi	58	7371	182564	95081	Dra	5.0643695	1.1469349	4.600	70.175
	The	24	63	1280	1366	And	0.0745769	0.6751219	4.610	94.697
	Xi	111	549	11559	8833	Psc	0.4954808	0.0556330	4.610	54.915
	Ome	28	947	19656	14817	Per	0.8346591	0.6913525	4.610	88.339
Castula	Ups-2	28	265	5395	4422	Cas	0.2472518	1.0329043	4.620	61.275
	Tau-9	36	1240	25267	18673	Eri	1.0468690	-0.4191620	4.620	100.402
	Iot	102	1620	32301	23497	Tau	1.3225046	0.3768159	4.620	52.966
	Ups	36	1855	36512	25923	Ori	1.4483222	-0.1274359	4.620	877.193
	Kap		3628	78541	44824	Pyx	2.3913104	-0.4513166	4.620	171.821
	Chi	63	4310	96097	54182	Leo	2.9016847	0.1280375	4.620	28.994
	Lam		4897	112078	63007	Cru	3.3800628	-1.0323047	4.620	117.647
	Ups	3	6129	148367	80628	Oph	4.3101042	-0.1461143	4.620	40.950
	Zet	57	6710	164259	88175	Ser	4.7144987	-0.0644073	4.620	23.552
	The		6951	170845	90982	CrA	4.8585733	-0.7384926	4.620	170.940
Alya	The-1	63	7141	175638	92946	Ser	4.9576937	0.0733666	4.620	47.416
	Eps	48	887	18519	13914	Ari	0.7819603	0.3724607	4.630	101.937
	Iot-1		5961	143474	78662	Nor	4.2042183	-1.0083651	4.630	39.386
	Nu		6916	169978	90797	Pav	4.8492829	-1.0869614	4.630	134.589
	Omi	47	7125	175306	92512	Dra	4.9357949	1.0365223	4.630	104.822
	Psi	84	9064	224427	118131	Peg	6.2734063	0.4388002	4.630	145.985
	Tau-8	33	1213	24587	18216	Eri	1.0197596	-0.4295644	4.640	115.607
	Pi-1	7	1570	31295	22845	Ori	1.2867242	0.1771655	4.640	35.663
	Chi-2	62	2135	41117	28716	Ori	1.5878994	0.3514823	4.640	552.486
	Zet-1	7	5833	139891	76669	CrB	4.0988094	0.6394155	4.640	145.138
	Nu	32	7387	182835	95585	Aql	5.0898956	0.0059092	4.640	869.565
	Zet	4	7871	196180	101589	Del	5.3900519	0.2561133	4.640	67.476
	Rho	86	1444	28910	21273	Tau	1.1948899	0.2590841	4.650	48.520
	Pi	8	4589	104321	58590	Vir	3.1454026	0.1154417	4.650	117.786
	Eta		5962	143546	78639	Nor	4.2028171	-0.8592203	4.650	67.295
	Chi	84	351	7087	5571	Psc	0.3117753	0.3671239	4.660	117.647
	Chi	53	531	11171	8497	Cet	0.4781551	-0.1865130	4.660	23.186
	Pi	19	2590	51199	33302	CMa	1.8135010	-0.3514482	4.660	29.586
Asellus Borealis	Gam	43	3449	74198	42806	Cnc	2.2832652	0.3746960	4.660	55.556
	Ome	45	4248	94334	53295	UMa	2.8535211	0.7538069	4.660	75.529
	Chi	26	4813	110014	61740	Vir	3.3128362	-0.1395489	4.660	90.009
	Psi-1	3	5820	139521	76705	Lup	4.1005040	-0.6006014	4.660	67.340
	Gam-1		6742	164975	88567	Sgr	4.7342947	-0.5162699	4.660	266.667
	Zet		6884	169156	90135	Sct	4.8156240	-0.1559344	4.660	63.371
	Phi	85	360	7318	5742	Psc	0.3217912	0.4290667	4.670	136.799
	Sig-2	92	1479	29488	21683	Tau	1.2185671	0.2778211	4.670	47.687
	The	18	2155	41695	28910	Lep	1.5976543	-0.2606694	4.670	52.966
Tegmine	Zet-2	16	3210	68255	40167	Cnc	2.1476804	0.3080117	4.670	25.081
	Tau	14	3624	78362	45075	UMa	2.4038266	1.1085220	4.670	38.730
	Gam		6930	170296	90595	Sct	4.8397874	-0.2542214	4.670	97.943
	Eps-1	4	7051	173582	91919	Lyr	4.9058546	0.6923743	4.670	49.776
Alsafi	Sig	61	7462	185144	96100	Dra	5.1153372	1.2158169	4.670	5.755
	Gam		8039	199951	103738	Mic	5.5034202	-0.5630042	4.670	70.225
	Chi	39	442	9408	7294	Cas	0.4098543	1.0337941	4.680	63.816
	Eta-2		570	11977	8928	Hyi	0.5014956	-1.1806682	4.680	67.069
	Nu		612	12767	9677	For	0.5431928	-0.5113259	4.680	113.766
	Pi	22	879	18411	13879	Per	0.7799924	0.6922452	4.680	94.967
	Pi	29	3950	86663	49029	Leo	2.6189252	0.1403982	4.680	124.533
	Del-1		6020	145366	80047	Aps	4.2775714	-1.3734999	4.680	233.645
	Phi	12	7478	185734	96683	Cyg	5.1460019	0.5262747	4.680	81.633
Bunda	Xi	23	8264	205767	106786	Aqr	5.6625105	-0.1370817	4.680	54.764
	Pi	73	1396	28100	20732	Tau	1.1632890	0.2568039	4.690	127.714
	Lam	15	1729	34411	24813	Aur	1.3925096	0.6998605	4.690	12.631
	Iot		4842	110829	62268	Cru	3.3407043	-1.0643248	4.690	36.805
Azelfafage	Pi-1	80	8301	206672	107136	Cyg	5.6814585	0.8934274	4.690	529.101
	Eps		8387	209100	108870	Ind	5.7741127	-0.9911023	4.690	3.622
	Iot		8949	221760	116389	Phe	6.1744335	-0.7437734	4.690	76.278
	The	21	4468	100889	56633	Crt	3.0398482	-0.1710815	4.700	85.984
	Omi		4494	101431	56922	Hya	3.0552566	-0.6064087	4.700	137.552
	Zet-1		6262	152236	82671	Sco	4.4243898	-0.7393568	4.700	787.402
	Del		7020	172748	91726	Sct	4.8968431	-0.1579968	4.700	62.073
Terebellum	Ome	58	7597	188376	98066	Sgr	5.2178323	-0.4590130	4.700	25.988
	Gam	5	8097	201601	104521	Equ	5.5429111	0.1768294	4.700	36.298
	Lam	91	896	18604	13954	Cet	0.7841547	0.1554628	4.710	176.678
	Kap		1083	22001	16245	Ret	0.9135642	-1.0984671	4.710	21.683
	Omi-1	4	1556	30959	22667	Ori	1.2764147	0.2487206	4.710	199.601
	Zet		1674	33262	23693	Dor	1.3330441	-1.0030879	4.710	11.646
	Chi	25	1843	36371	25984	Aur	1.4517993	0.5618568	4.710	0.000
	The		3718	80874	45902	Pyx	2.4499762	-0.4531824	4.710	154.083
	Lam		3733	81169	46026	Pyx	2.4574426	-0.5032460	4.710	58.893
	Zet	27	4514	102070	57283	Crt	3.0751083	-0.3202797	4.710	108.225
Libertas	Xi	59	7595	188310	97938	Aql	5.2108900	0.1476802	4.710	56.275
	Eps		8135	202627	105140	Mic	5.5760563	-0.5615167	4.710	55.866
	Psi	36	399	8491	6692	Cas	0.3749511	1.1890930	4.720	59.809
	Ups	31	2011	38944	27639	Aur	1.5317033	0.6511051	4.720	160.256
	Del		2212	42933	29276	Pic	1.6157321	-0.9593838	4.720	398.406
	The-2		4603	104841	58867	Cru	3.1604442	-1.1024496	4.720	261.780
	Ups	6	5982	144206	78592	Her	4.2009991	0.8034921	4.720	113.895
	Kap	43	8288	206453	107188	Cap	5.6839194	-0.3292795	4.720	90.171
	Del		5980	144197	78914	Nor	4.2171106	-0.7884208	4.730	37.509
	Tau	16	6018	145328	79119	CrB	4.2279368	0.6368871	4.730	35.778
	Mu	6	7990	198743	103045	Aqr	5.4657337	-0.1567885	4.730	48.216
	Lam	14	123	2772	2505	Cas	0.1386331	0.9515935	4.740	115.741
	Ups	90	383	7964	6193	Psc	0.3467382	0.4758476	4.740	94.429
	Sig	76	740	15798	11783	Cet	0.6636055	-0.2660698	4.740	26.695
	Rho	8	3576	76827	44390	UMa	2.3673001	1.1803595	4.740	96.432
	Rho	38	5899	141992	77661	Ser	4.1506774	0.3661338	4.740	114.942
	Zet		7188	176638	93542	CrA	4.9877776	-0.7346982	4.740	59.207
	Omi	31	8402	209409	108874	Aqr	5.7740469	-0.0376182	4.740	133.511
	Mu		4530	102584	57581	Mus	3.0902878	-1.1661402	4.750	131.752
	Iot	21	5350	125161	69713	Boo	3.7357305	0.8965273	4.750	29.070
	Kap	43	5838	139997	76880	Lib	4.1100176	-0.3434603	4.750	94.607
	Psi-2	4	5839	140008	76945	Lup	4.1132337	-0.6058109	4.750	111.483
	Phi-1		7848	195627	101612	Pav	5.3912354	-1.0573510	4.750	27.793
	Omi	34	8872	219916	115088	Cep	6.1026484	1.1887690	4.750	62.267
	Lam-1		125	2834	2472	Phe	0.1370766	-0.8517820	4.760	52.966
	Nu		872	18293	13244	Hyi	0.7438387	-1.3101654	4.760	104.058
Angetenar	Tau-2	2	850	17824	13288	Eri	0.7462972	-0.3665893	4.760	57.307
	Zet		6417	156277	84969	Aps	4.5465473	-1.1828213	4.760	91.158
	Lam		6569	160032	86486	Ara	4.6268528	-0.8624647	4.760	21.450
	Phi-1	17	194	4188	3455	Cet	0.1928153	-0.1851716	4.770	71.633
	Psi	40	4902	112142	62985	Vir	3.3787511	-0.1664869	4.770	166.945
	Ome	28	6596	160922	86201	Dra	4.6118210	1.2000530	4.770	23.164
	Tau	69	6733	164764	88404	Oph	4.7258367	-0.1427740	4.770	51.335
Alshat	Nu	8	7773	193432	100310	Cap	5.3261497	-0.2226879	4.770	77.640
	Rho	11	7822	194943	101027	Cap	5.3619143	-0.3109075	4.770	30.266
	The		9084	224889	122	Oct	0.0069681	-1.3450506	4.780	66.578
	The		3871	84367	47758	Ant	2.5490606	-0.4846687	4.780	104.058
	Sig	60	5015	115521	64852	Vir	3.4802071	0.0954672	4.780	207.039
	Iot-2		6631	161912	87294	Sco	4.6695638	-0.6997101	4.780	781.250
	Chi	89	45	1013	1168	Peg	0.0637162	0.3526735	4.790	112.867
	Lam	9	569	11973	9153	Ari	0.5145610	0.4118290	4.790	39.495
	Eta		4993	114911	64661	Mus	3.4699310	-1.1849841	4.790	117.371
	Kap	11	5901	142091	77655	CrB	4.1505335	0.6223387	4.790	30.497
	Mu-1		8486	211088	109908	Gru	5.8277207	-0.7216361	4.790	84.246
	Xi	19	179	3901	3300	Cas	0.1835426	0.8816099	4.800	438.596
Zibal	Zet	13	984	20320	15197	Eri	0.8544859	-0.1539333	4.800	33.647
	Del-2	64	1380	27819	20542	Tau	1.1523360	0.3044575	4.800	49.480
	Psi	65	1617	32249	23364	Eri	1.3152761	-0.1252093	4.800	226.757
	Psi-2	50	2427	47174	31832	Aur	1.7424077	0.7415708	4.800	127.551
	Sig-2	13	3616	78154	45038	UMa	2.4015391	1.1717097	4.800	20.379
Phyllon Kissinou		23	4789	109485	61394	Com	3.2936606	0.3949551	4.800	95.057
	Ome	41	5600	133124	73568	Boo	3.9361908	0.4364744	4.800	113.895
	The-1		8151	203006	105382	Mic	5.5883718	-0.7122595	4.800	60.459
	Pi	52	8539	212571	110672	Aqr	5.8698785	0.0240402	4.800	239.808
	Omi	43	8641	214994	112051	Peg	5.9417850	0.5115148	4.800	91.575
Alula Australis B	Xi	53	4374	98230		UMa	2.9591494	0.5502811	4.800	10.417
	The		1744	34649	24372	Dor	1.3690244	-1.1726039	4.810	150.602
	Omi		1743	34642	24659	Col	1.3852880	-0.6090363	4.810	32.447
	Eps	14	4402	99167	55687	Crt	2.9871740	-0.1895309	4.810	115.340
Elgafar	Phi	105	5409	126868	70755	Vir	3.7882472	-0.0388852	4.810	36.258
	Mu	11	1689	33641	24340	Aur	1.3675906	0.6716812	4.820	46.904
	Pi	44	5972	143894	78554	Ser	4.1988034	0.3980128	4.820	54.885
	Sig	50	6093	147449	80179	Ser	4.2850996	0.0179601	4.820	27.270
Fafnir		42	6945	170693	90344	Dra	4.8257663	1.1442986	4.820	96.525
	Ups	52	7180	176524	92782	Dra	4.9497388	1.2443707	4.820	105.485
	Eta	22	8060	200499	104019	Cap	5.5170077	-0.3465350	4.820	49.505
	Sig	57	8573	213320	111123	Aqr	5.8933090	-0.1863654	4.820	88.810
	Ups-1	26	253	5234	4292	Cas	0.2399954	1.0292677	4.830	100.705
	Ome	48	417	8799	6813	And	0.3824666	0.7924962	4.830	28.620
	Eps	83	781	16620	12390	Cet	0.6962287	-0.2072082	4.830	21.482
	Zet		837	17566	12876	Hyi	0.7223170	-1.1801326	4.830	87.184
	Xi-1		4933	113314	63724	Cen	3.4189052	-0.8644138	4.830	67.613
Quadrans		44	5618	133640	73695	Boo	3.9435298	0.8317202	4.830	12.508
	Eta		7149	175751	93026	Sct	4.9613652	-0.1020374	4.830	62.035
	Eps		7152	175813	93174	CrA	4.9686176	-0.6476456	4.830	30.184
	Mu	98	434	9138	7007	Psc	0.3935073	0.1072299	4.840	93.197
Deltoton	Del	8	660	13974	10644	Tri	0.5979999	0.5973255	4.840	10.784
	Kap-1	96	996	20630	15457	Cet	0.8698791	0.0588210	4.840	9.140
	Xi	2	4515	102124	57328	Vir	3.0773820	0.1441314	4.840	37.411
	Rho		8644	215104	112203	Gru	5.9493892	-0.7228167	4.840	70.621
	Eta		8655	215369	112374	Gru	5.9586900	-0.9337533	4.840	127.227
Graffias	Xi		5978	144070		Sco	4.2078424	-0.1985244	4.840	24.331
	Eps		5666	135291	74837	Cir	4.0039954	-1.1102121	4.850	125.000
	Lam		7134	175510	93148	Tel	4.9674806	-0.9239534	4.850	187.617
	Eta		105	2429	2210	Scl	0.1218604	-0.5760837	4.860	138.504
	Zet		3433	73898	42483	Pyx	2.2676536	-0.5159382	4.860	74.906
	Xi	19	6103	147677	80181	CrB	4.2852075	0.5391670	4.860	56.243
	Mu		6155	149038	81122	Nor	4.3375083	-0.7687358	4.860	0.000
	Nu-2	25	6555	159560	85829	Dra	4.5913768	0.9629498	4.860	30.488
Ainalrami	Nu-1	32	7116	174974	92761	Sgr	4.9487485	-0.3969722	4.860	344.828
	Psi	42	7292	179950	94643	Sgr	5.0419962	-0.4408123	4.860	91.491
	Rho		7859	195961	101773	Pav	5.3999959	-1.0738997	4.860	58.139
	Nu	22	8413	209747	109068	Peg	5.7843667	0.0882880	4.860	83.264
Adhil	Xi	46	390	8207	6411	And	0.3592769	0.7946271	4.870	65.746
	Nu	78	754	16161	12093	Cet	0.6801310	0.0976206	4.870	104.275
	Zet	58	972	20150	15110	Ari	0.8504188	0.3672948	4.870	80.386
	Del		3556	76483	43825	Pyx	2.3366733	-0.4831398	4.870	75.815
	Rho	72	708	15130	11345	Cet	0.6368274	-0.2145093	4.880	139.860
	Lam		2056	39764	27810	Col	1.5407535	-0.5899450	4.880	102.564
	Eps		4583	104174	58484	Cha	3.1399686	-1.3652286	4.880	110.865
	Rho	30	4828	110411	61960	Vir	3.3243472	0.1786454	4.880	36.271
	Eps		7032	173009	91845	Sct	4.9022846	-0.1444297	4.880	165.017
	Iot		7424	184127	96341	Tel	5.1278493	-0.8394894	4.880	113.636
	Tau	5	9008	223165	117301	Cas	6.2267110	1.0236703	4.880	53.333
	Sig	8	9071	224572	118243	Cas	6.2788609	0.9731071	4.880	0.000
	Psi-1	25	1789	35439	25302	Ori	1.4169766	0.0322265	4.890	318.471
Jishui	Omi	71	2930	61110	37265	Gem	2.0034878	0.6036107	4.890	50.994
	Eta		5303	123998	69896	Aps	3.7447464	-1.4138521	4.890	42.337
	Nu-1	24	6554	159541	85819	Dra	4.5909798	0.9631467	4.890	30.248
	Alp		7965	198232	102831	Mic	5.4540144	-0.5895674	4.890	116.009
	Nu	25	223	4636	3801	Cas	0.2130764	0.8895623	4.900	126.263
Acrab B	Bet-2	8	5985	144218	78821	Sco	4.2125380	-0.3456077	4.900	122.100
	Zet		6098	147584	80686	TrA	4.3129935	-1.2232035	4.900	12.117
	Zet		7952	198048	102790	Ind	5.4518960	-0.8068103	4.900	126.582
	Phi-3		4171	92214	52085	Hya	2.7863422	-0.2945517	4.910	64.558
	Del	19	5586	132742	73473	Lib	3.9312341	-0.1486836	4.910	90.009
	Mu	21	6369	154905	83608	Dra	4.4738711	0.9506816	4.910	27.435
	Psi	24	7619	189037	98055	Cyg	5.2169201	0.9152323	4.910	86.281
	Nu		8582	213442	111310	Tuc	5.9035788	-1.0817921	4.910	88.968
	Rho	50	8717	216735	113186	Peg	6.0005636	0.1538711	4.910	95.694
	Psi-1	46	2289	44537	30520	Aur	1.6794360	0.8602360	4.920	0.000
	Chi-1		4314	96202	54204	Hya	2.9030586	-0.4763634	4.920	43.234
	Eps	31	5723	137052	75379	Lib	4.0325752	-0.1801575	4.920	31.230
	Del-1		6934	170465	90830	Tel	4.8509560	-0.8013647	4.920	216.920
	Del		1302	26612	19515	Hor	1.0945068	-0.7329261	4.930	54.825
	Ome-2	50	1329	27045	19990	Tau	1.1225130	0.3591642	4.930	28.944
	Ome	4	1592	31647	23179	Aur	1.3057537	0.6613095	4.930	52.274
	Psi	15	6031	145570	79375	Sco	4.2411493	-0.1756544	4.930	47.710
	Kap	39	7446	184915	96483	Aql	5.1351549	-0.1226526	4.930	515.464
	Xi		7673	190421	99120	Tel	5.2682153	-0.9229439	4.930	331.126
	Chi	92	8850	219576	114939	Aqr	6.0949035	-0.1348529	4.930	187.970
	Chi		3149	66216	39424	Gem	2.1097455	0.4851026	4.940	78.555
Felis			3923	85951	48615	Hya	2.5956108	-0.3317759	4.940	188.324
	Psi	45	4958	114149	64166	Hya	3.4428998	-0.4034864	4.940	70.972
	Lam	15	7192	176670	93279	Lyr	4.9742484	0.5610451	4.940	338.983
	Rho	67	7724	192425	99742	Aql	5.2982828	0.2652483	4.940	45.977
	Ome-1	45	7844	195556	101138	Cyg	5.3671447	0.8543661	4.940	278.551
	Tau	15	8447	210302	109422	PsA	5.8038549	-0.5680769	4.940	18.278
	Pi	20	184	4058	3414	Cas	0.1896647	0.8207332	4.950	53.677
	Phi	34	382	7927	6242	Cas	0.3494234	1.0163333	4.950	0.000
	Tau	84	4418	99648	55945	Leo	3.0016929	0.0498512	4.950	172.414
	Kap		6024	145397	79509	Nor	4.2476028	-0.9534815	4.950	131.234
	Eta	21	6116	148048	79822	UMi	4.2651810	1.3221799	4.950	29.735
	Kap	8	8911	220825	115738	Psc	6.1389015	0.0219145	4.950	47.059
	Tau	53	477	10205	7818	And	0.4388640	0.7082031	4.960	218.341
	Ome		749	16046	11918	For	0.6712758	-0.4927473	4.960	148.368
	Xi	30	2029	39283	27949	Aur	1.5483095	0.9722696	4.960	73.046
	Nu		370	7570	5862	Phe	0.3280459	-0.7946775	4.970	15.115
	Ome	46	548	11529	9009	Cas	0.5061463	1.1987836	4.970	215.054
	Iot		1266	25728	18772	Ret	1.0528779	-1.0660265	4.970	97.847
	Phi	52	1348	27382	20250	Tau	1.1360070	0.4773607	4.970	98.425
	Xi		2087	40176	28010	Col	1.5511550	-0.6478779	4.970	102.041
	Phi	83	3067	64145	38538	Gem	2.0660202	0.4671510	4.970	68.213
	Gam-1		6058	146143	79790	Nor	4.2630346	-0.8738536	4.970	450.450
	Ome-1	102	8968	222345	116758	Aqr	6.1949783	-0.2482238	4.970	43.592
	Psi	20	9003	223047	117221	And	6.2222474	0.8101866	4.970	307.692
	Bet		909	18866	13884	Hor	0.7801461	-1.1182549	4.980	90.334
	The-1	41	1893	37020	26220	Ori	1.4628639	-0.0940264	4.980	0.000
	The-2	43	1897	37041	26235	Ori	1.4633786	-0.0945281	4.980	473.934
	Nu-2	53	5774	138629	76041	Boo	4.0656706	0.7138280	4.980	119.048
	Iot	14	5971	143807	78493	CrB	4.1950856	0.5209993	4.980	95.602
Alya B	The-2	63	7142	175639	92951	Ser	4.9578000	0.0733410	4.980	51.948
	Del		1134	23227	17304	For	0.9697414	-0.5574296	4.990	259.740
	Psi-7	58	2516	49520	32844	Aur	1.7923040	0.7292200	4.990	116.144
	Eps	2	2828	58367	36041	CMi	1.9445075	0.1618984	4.990	319.489
	Ome	18	3613	77996	44659	Hya	2.3822557	0.0888777	4.990	274.725
	Xi	5	3782	82395	46771	Leo	2.4955837	0.1972192	4.990	66.094
	Nu-1		5698	136351	75206	Lup	4.0235884	-0.8364978	4.990	35.855
	Eta	2	5727	137107	75312	CrB	4.0282417	0.5286220	4.990	17.863
	Ups		8433	210066	109289	PsA	5.7963789	-0.5941771	4.990	130.039
Tengshe			8726	216946	113288	Lac	6.0058233	0.8680141	4.990	490.196
	Psi-3	95	8865	219832	115115	Aqr	6.1041201	-0.1677392	4.990	80.192
Elkurud	The		2177	42167	29034	Col	1.6036400	-0.6501861	5.000	221.239
	Mu	18	2593	51250	33345	CMa	1.8156257	-0.2451041	5.000	381.679
	The	15	5826	139669	76008	UMi	4.0640738	1.3500009	5.000	262.467
Marsic	Kap	7	6008	145001	79043	Her	4.2240260	0.2975259	5.000	112.740
	Nu-2	35	7120	175190	92845	Sgr	4.9528907	-0.3956893	5.000	83.963
	Eta		9062	224392	118121	Tuc	6.2726419	-1.1222158	5.000	47.438
	Xi		5977	144069		Sco	4.2078424	-0.1985244	5.000	24.331
	Gam		7227	177475		CrA	5.0021608	-0.6469018	5.000	17.892
Chalawan		47	4277	95128	53721	UMa	2.8774684	0.7056411	5.030	14.063
Situla	Kap	63	8610	214376	111710	Aqr	5.9243297	-0.0737935	5.040	65.574
Pleione		28	1180	23862	17851	Tau	1.0000166	0.4212651	5.050	117.096
Guniibuu B		36	6402	155886		Oph	4.5175405	-0.4643137	5.070	5.985
Hoerikwaggo	Alp		2261	43834	29271	Men	1.6154676	-1.3046868	5.080	10.198
Cervantes	Mu		6585	160691	86796	Ara	4.6432091	-0.9046749	5.120	15.511
Albireo B	Bet-2	6	7418	183914	95951	Cyg	5.1083893	0.4880862	5.120	122.549
Nahn	Xi	77	3627	78515	44946	Cnc	2.3970304	0.3847656	5.160	114.416
Revati	Zet	86	361	7344	5737	Psc	0.3217140	0.1322149	5.210	53.305
Veritate		14	8930	221345	116076	And	6.1579118	0.6848008	5.220	79.177
Taiyi		8	4916	112429	63076	Dra	3.3836518	1.1421168	5.230	29.291
Intercrus			3743	81688	46471	UMa	2.4812758	0.7958960	5.400	85.837
La Superba			4846	110914	62223	CVn	3.3385114	0.7930821	5.420	320.513
Tianyi		7	4863	111335	62423	Dra	3.3491663	1.1657107	5.430	227.273
Celaeno		16	1140	23288	17489	Tau	0.9808906	0.4239312	5.450	115.607
Polaris Australis	Sig		7228	177482	104382	Oct	5.5360411	-1.5525838	5.450	86.133
Helvetios		51	8729	217014	113357	Peg	6.0103301	0.3624845	5.450	15.608
Tianfu	Tau	63	7669	190327	98823	Aql	5.2540457	0.1270245	5.510	141.643
Musica		18	8030	199665	103527	Del	5.4909465	0.1891812	5.510	75.301
Cor Caroli B	Alp-1	12	4914	112412	63121	CVn	3.3859740	0.6687214	5.610	36.900
Alrakis	Mu	21	6370	154906		Dra	4.4738148	0.9506650	5.630	23.256
96 G. Psc			222	4628	3765	Psc	0.2111103	0.0921641	5.740	7.455
Alruba			6618	161693	86782	Dra	4.6425155	0.9390171	5.750	163.399
p Eridani			486	10360	7751	Eri	0.4354167	-0.9808122	5.760	7.822
Asterope		21	1151	23432	17579	Tau	0.9857093	0.4285571	5.760	114.025
Merga		38	5533	130945	72487	Boo	3.8803521	0.8048796	5.760	48.996
Tonatiuh			4609	104985	58952	Cam	3.1644873	1.3422583	5.780	97.087
268 G. Cet			753	16160	12114	Cet	0.6810337	0.1201986	5.790	7.180
p Eridani			487	10361		Eri	0.4353730	-0.9807811	5.800	8.147
Dziban B	Psi-1	31	6637	162004	86620	Dra	4.6337080	1.2593757	5.810	23.063
Piautos	Lam	19	3268	70011	40881	Cnc	2.1839986	0.4192685	5.920	140.252
Copernicus	Rho-1	55	3522	75732	43587	Cnc	2.3238950	0.4944661	5.960	12.341
