# Bright NGC / IC deep-sky object catalog (V <= 11.5 mag, plus large
# diffuse nebulae lacking integrated photometry).
#
# Source: OpenNGC (https://github.com/mattiaverga/OpenNGC) main NGC.csv
# and addendum.csv. Filter rules (see scripts/extract-openngc-bright.py):
#   - exclude Messier objects (covered by messier.csv);
#   - exclude OpenNGC types {*, **, *Ass, NonEx, Other};
#   - keep min(V-Mag, B-Mag - 0.6) <= 11.5 mag when photometry present;
#   - keep emission/reflection/diffuse nebulae (EmN/RfN/Neb/HII/Cl+N/SNR)
#     with major-axis >= 30 arcmin even when integrated magnitude is missing
#     (sentinel mag = 99.00; renderer treats them as faint until the
#     density slider is opened).
#
# Columns: name, ra_hours (J2000), dec_deg (J2000), mag, type, size_arcmin.
# Position units mirror crates/catalog/data/messier.csv. The renderer build
# script compacts this CSV into the i16 binary `openngc_bright.bin`.
#
# Type codes (normalised from OpenNGC):
#   OC  open cluster        GC  globular cluster
#   G   galaxy              N   diffuse / emission / reflection nebula
#   PN  planetary nebula    SNR supernova remnant
#   Other  anything else
name,ra_hours,dec_deg,mag,type,size_arcmin
NGC24,0.165706,-24.9631,11.48,G,6.18
NGC40,0.216953,72.5219,10.67,PN,0.80
NGC45,0.234442,-23.1821,10.44,G,6.18
NGC55,0.248222,-39.1966,7.79,G,29.85
NGC103,0.421222,61.3235,9.68,OC,2.70
NGC104,0.401489,-72.0814,4.09,GC,31.80
NGC121,0.446736,-71.5357,10.60,GC,3.80
NGC129,0.499497,60.2112,6.50,OC,5.40
NGC133,0.521378,63.3526,9.40,OC,2.10
NGC134,0.506103,-33.2440,10.31,G,8.38
NGC146,0.551094,63.3090,8.99,OC,3.60
NGC147,0.553367,48.5087,9.72,G,9.40
NGC150,0.570967,-27.8036,11.37,G,3.54
NGC157,0.579656,-8.3964,10.47,G,3.70
NGC185,0.649436,48.3374,9.20,G,12.94
NGC188,0.790981,85.2696,8.10,OC,17.70
NGC189,0.659917,61.0945,8.47,OC,2.70
NGC210,0.676394,-13.8728,11.12,G,4.98
NGC225,0.726772,61.7669,6.83,OC,4.20
NGC242,0.726050,-73.4463,11.50,OC,0.75
NGC246,0.784267,-11.8719,7.40,PN,4.08
NGC247,0.785708,-20.7604,9.07,G,19.68
NGC253,0.792533,-25.2882,7.34,G,26.79
NGC278,0.867864,47.5505,10.85,G,2.36
NGC281,0.883153,56.6219,99.00,N,35.00
NGC288,0.879847,-26.5899,8.13,GC,9.60
NGC289,0.878433,-31.2058,11.10,G,3.36
NGC290,0.853939,-73.1615,11.50,OC,1.10
NGC292,0.879106,-72.8286,2.15,G,299.92
NGC299,0.890019,-72.1971,11.45,OC,0.90
NGC300,0.914856,-37.6844,8.17,G,19.41
NGC330,0.938236,-72.4629,9.16,OC,2.80
NGC337,0.997247,-7.5780,11.41,G,2.92
NGC362,1.053953,-70.8482,6.58,GC,8.70
NGC376,1.064847,-72.8237,10.56,OC,1.80
NGC381,1.138336,61.5833,9.30,OC,6.00
NGC404,1.157506,35.7181,10.55,G,3.40
NGC410,1.183028,33.1519,11.48,G,2.37
NGC419,1.138103,-72.8835,10.50,GC,2.80
NGC428,1.215475,0.9816,11.35,G,2.82
NGC436,1.266050,58.8171,7.41,OC,5.70
NGC457,1.325736,58.2907,6.37,OC,7.80
NGC458,1.248186,-71.5527,11.25,OC,2.60
NGC488,1.363014,5.2567,10.26,G,5.05
NGC524,1.413256,9.5388,10.35,G,3.37
NGC533,1.425378,1.7591,11.47,G,3.44
NGC559,1.492547,63.3014,9.25,OC,9.00
NGC578,1.508081,-22.6674,10.94,G,4.82
NGC584,1.522431,-6.8681,10.35,G,3.78
NGC596,1.547800,-7.0318,10.95,G,2.14
NGC609,1.606594,64.5366,11.00,OC,4.80
NGC613,1.571714,-29.4184,10.14,G,5.48
NGC625,1.584619,-41.4362,11.05,G,6.55
NGC636,1.651814,-7.5126,11.41,G,2.70
NGC637,1.717531,64.0366,7.96,OC,4.50
NGC654,1.733175,61.8827,6.50,OC,6.30
NGC659,1.739719,60.6692,7.80,OC,4.20
NGC660,1.717333,13.6451,11.29,G,4.57
NGC663,1.771125,61.2182,7.10,OC,6.00
NGC672,1.798478,27.4328,10.81,G,7.01
NGC676,1.815919,5.9075,9.56,G,2.75
NGC685,1.795225,-52.7618,11.30,G,3.01
NGC720,1.883472,-13.7387,10.14,G,4.49
NGC741,1.939175,5.6289,11.26,G,2.83
NGC744,1.974978,55.4746,7.78,OC,11.70
NGC752,1.959672,37.8334,5.70,OC,39.00
NGC772,1.988772,19.0075,10.11,G,4.57
NGC777,2.004139,31.4296,11.46,G,2.75
NGC779,1.995078,-5.9632,11.21,G,1.35
NGC821,2.139206,10.9949,10.77,G,2.45
NGC864,2.257678,6.0026,11.02,G,3.72
NGC869,2.316267,57.1172,3.70,OC,14.40
NGC884,2.375583,57.1441,3.80,OC,10.50
NGC891,2.375947,42.3491,10.01,G,13.03
NGC908,2.384603,-21.2339,10.22,G,6.14
NGC925,2.454689,33.5792,9.99,G,10.72
NGC936,2.460406,-1.1563,10.23,G,4.44
NGC956,2.541917,44.5935,8.90,OC,4.50
NGC957,2.555286,57.5697,7.60,OC,10.20
NGC972,2.570383,29.3113,11.33,G,3.31
NGC986,2.559542,-39.0451,10.91,G,3.77
NGC988,2.591042,-9.3562,10.34,G,4.33
NGC1003,2.654692,40.8723,11.49,G,3.47
NGC1022,2.642419,-6.6774,11.35,G,2.60
NGC1023,2.673336,39.0633,8.96,G,7.40
NGC1027,2.709739,61.5944,6.68,OC,7.80
NGC1042,2.673325,-8.4336,11.03,G,3.87
NGC1052,2.684667,-8.2558,10.85,G,2.94
NGC1055,2.695897,0.4432,10.60,G,6.92
NGC1058,2.725000,37.3413,11.25,G,2.47
NGC1073,2.727922,1.3761,11.05,G,3.54
NGC1079,2.728983,-29.0034,11.44,G,2.65
NGC1084,2.766642,-7.5785,10.58,G,3.40
NGC1087,2.773656,-0.4986,10.92,G,2.97
NGC1097,2.771958,-30.2749,9.54,G,10.57
NGC1156,2.995083,25.2378,11.46,G,2.96
NGC1169,3.059653,46.3864,11.41,G,3.31
NGC1187,3.043775,-22.8672,10.77,G,4.14
NGC1199,3.060669,-15.6132,11.43,G,2.83
NGC1201,3.068883,-26.0696,10.81,G,3.41
NGC1209,3.100839,-15.6113,11.38,G,2.25
NGC1232,3.162642,-20.5793,9.96,G,6.79
NGC1245,3.244850,47.2387,8.40,OC,11.40
NGC1255,3.225567,-25.7252,11.00,G,4.05
NGC1261,3.204261,-55.2168,8.63,GC,5.10
NGC1269,3.288497,-41.1081,8.70,G,11.17
NGC1300,3.328078,-19.4114,10.52,G,5.96
NGC1302,3.330883,-26.0604,10.63,G,4.27
NGC1309,3.368489,-15.4001,11.36,G,2.39
NGC1313,3.304458,-66.4982,9.05,G,11.07
NGC1316,3.378256,-37.2082,8.48,G,13.46
NGC1317,3.378969,-37.1037,10.88,G,3.10
NGC1326,3.399000,-36.4647,10.45,G,4.28
NGC1332,3.438125,-21.3352,10.36,G,5.31
NGC1333,3.482000,31.3700,10.30,OC,19.50
NGC1340,3.472131,-31.0682,10.37,G,5.12
NGC1342,3.527811,37.3794,6.70,OC,6.30
NGC1350,3.518922,-33.6286,10.31,G,5.18
NGC1351,3.509717,-34.8539,11.46,G,3.40
NGC1353,3.534172,-20.8192,11.46,G,3.64
NGC1357,3.554744,-13.6641,11.44,G,3.37
NGC1360,3.554069,-25.8717,9.00,PN,6.42
NGC1365,3.560103,-36.1404,9.76,G,12.02
NGC1367,3.583706,-24.9332,10.66,G,4.88
NGC1374,3.587942,-35.2263,11.14,G,2.86
NGC1379,3.601097,-35.4412,11.02,G,2.66
NGC1380,3.607664,-34.9762,9.94,G,4.58
NGC1381,3.608800,-35.2952,11.47,G,2.54
NGC1385,3.624681,-24.5003,10.86,G,3.40
NGC1386,3.612828,-35.9994,11.47,G,3.59
NGC1387,3.615850,-35.5066,10.75,G,3.01
NGC1395,3.641597,-23.0275,9.65,G,4.71
NGC1398,3.647814,-26.3378,9.55,G,6.95
NGC1399,3.641397,-35.4507,9.40,G,8.51
NGC1400,3.658567,-18.6881,11.06,G,2.81
NGC1404,3.647756,-35.5944,9.93,G,5.01
NGC1407,3.669961,-18.5801,9.65,G,5.73
NGC1411,3.645797,-44.1006,11.19,G,2.45
NGC1421,3.708133,-13.4880,11.36,G,3.55
NGC1425,3.703186,-29.8933,10.70,G,4.91
NGC1426,3.713642,-22.1084,11.47,G,2.86
NGC1427,3.705394,-35.3926,10.88,G,4.33
NGC1432,3.763775,24.3679,99.00,N,60.00
NGC1433,3.700431,-47.2221,9.95,G,6.19
NGC1435,3.769469,23.7650,99.00,N,30.00
NGC1439,3.747208,-21.9206,11.39,G,2.96
NGC1444,3.824689,52.6553,6.44,OC,3.60
NGC1448,3.742200,-44.6448,10.78,G,8.02
NGC1453,3.774236,-3.9688,11.41,G,2.46
NGC1466,3.742597,-71.6716,11.00,GC,3.50
NGC1493,3.957619,-46.2107,11.23,G,3.44
NGC1496,4.075525,52.6614,9.60,OC,2.10
NGC1499,4.054006,36.3675,4.40,N,160.00
NGC1501,4.116492,60.9207,11.50,PN,0.87
NGC1502,4.130361,62.3315,6.87,OC,10.20
NGC1511,3.993606,-67.6343,11.27,G,3.66
NGC1512,4.065078,-43.3489,10.37,G,8.43
NGC1513,4.165194,49.5173,8.11,OC,5.10
NGC1514,4.154708,30.7759,9.45,PN,2.20
NGC1515,4.067422,-54.1001,10.99,G,5.50
NGC1527,4.140039,-47.8970,10.80,G,4.58
NGC1528,4.255242,51.2115,6.23,OC,9.60
NGC1532,4.201203,-32.8742,10.06,G,11.27
NGC1533,4.164400,-56.1184,10.65,G,3.27
NGC1535,4.237714,-12.7394,9.00,PN,0.85
NGC1537,4.227975,-31.6454,10.72,G,4.35
NGC1543,4.212014,-57.7380,10.17,G,3.66
NGC1545,4.348961,50.2553,6.20,OC,4.20
NGC1546,4.243483,-56.0608,11.35,G,3.72
NGC1549,4.262536,-55.5922,9.75,G,5.09
NGC1553,4.269575,-55.7801,9.31,G,6.25
NGC1555,4.366508,19.5352,9.38,N,1.82
NGC1559,4.293269,-62.7837,10.42,G,4.19
NGC1560,4.546969,71.8831,11.50,G,8.30
NGC1566,4.333450,-54.9378,9.69,G,7.23
NGC1569,4.513628,64.8479,11.11,G,3.91
NGC1574,4.366339,-56.9748,10.24,G,4.13
NGC1582,4.529664,43.7848,7.00,OC,7.80
NGC1596,4.460586,-55.0278,11.14,G,3.87
NGC1600,4.527761,-5.0862,10.97,G,3.33
NGC1605,4.581189,45.2714,10.70,OC,3.30
NGC1615,4.600289,19.9503,11.41,G,1.36
NGC1617,4.527647,-54.6023,10.37,G,5.24
NGC1637,4.691161,-2.8580,10.85,G,3.18
NGC1647,4.765436,19.0951,6.22,OC,27.00
NGC1662,4.808042,10.9304,6.40,OC,13.80
NGC1664,4.851508,43.6762,7.42,OC,11.40
NGC1672,4.761806,-59.2472,9.74,G,6.14
NGC1688,4.806608,-59.8003,11.50,G,2.47
NGC1700,4.948975,-4.8658,11.16,G,3.11
NGC1703,4.881153,-59.7422,11.42,G,2.68
NGC1704,4.832072,-69.7563,11.18,OC,1.70
NGC1711,4.843369,-69.9854,10.62,GC,3.50
NGC1714,4.869125,-66.9234,10.91,OC,1.10
NGC1735,4.905461,-67.0996,10.28,OC,1.80
NGC1743,4.900742,-69.1986,11.26,N,0.95
NGC1744,4.999389,-26.0222,11.11,G,5.28
NGC1746,5.063942,23.7676,6.10,OC,18.00
NGC1747,4.919717,-67.1689,8.81,OC,4.40
NGC1755,4.920797,-68.2041,9.40,GC,2.20
NGC1763,4.946997,-66.4091,9.40,OC,5.20
NGC1767,4.940917,-69.4006,10.25,OC,1.30
NGC1772,4.947997,-69.5561,10.62,OC,1.50
NGC1774,4.968578,-67.2423,10.36,OC,1.70
NGC1778,5.134917,37.0228,7.60,OC,4.50
NGC1782,4.964192,-69.3922,10.15,OC,1.20
NGC1783,4.985781,-65.9873,10.30,GC,5.30
NGC1786,4.985506,-67.7452,9.50,GC,2.00
NGC1787,5.029003,-65.8233,10.49,OC,24.00
NGC1788,5.114783,-3.3410,5.20,N,2.00
NGC1792,5.087347,-37.9808,10.16,G,5.52
NGC1804,5.017572,-69.0826,11.42,OC,0.95
NGC1806,5.036769,-67.9857,10.50,GC,2.50
NGC1807,5.179175,16.5128,7.00,OC,5.40
NGC1808,5.128428,-37.5131,10.21,G,5.42
NGC1817,5.207297,16.6841,7.70,OC,9.30
NGC1818,5.070767,-66.4345,9.10,GC,3.10
NGC1820,5.067133,-67.2659,11.50,OC,7.00
NGC1831,5.104644,-64.9175,10.92,GC,3.80
NGC1832,5.200925,-15.6878,11.04,G,2.46
NGC1834,5.086494,-69.2075,11.22,OC,0.95
NGC1835,5.085161,-69.4039,10.60,GC,2.30
NGC1839,5.100653,-68.6268,11.30,OC,1.60
NGC1841,4.756486,-83.9991,11.43,GC,4.00
NGC1846,5.126094,-67.4615,11.31,GC,3.80
NGC1848,5.124211,-71.1954,9.18,OC,2.20
NGC1850,5.145758,-68.7617,8.24,GC,3.00
NGC1851,5.235203,-40.0466,7.23,GC,9.00
NGC1854,5.155525,-68.8474,9.58,GC,2.30
NGC1856,5.158158,-69.1276,9.80,GC,2.70
NGC1857,5.334878,39.3436,7.00,OC,4.50
NGC1858,5.164428,-68.8913,9.16,OC,4.40
NGC1860,5.177642,-68.7523,10.58,OC,1.10
NGC1866,5.227528,-65.4656,9.38,GC,5.50
NGC1868,5.243417,-63.9545,11.42,GC,2.70
NGC1870,5.219417,-69.1169,10.85,GC,1.10
NGC1871,5.231044,-67.4526,9.61,OC,2.30
NGC1872,5.219658,-69.3116,10.79,GC,1.70
NGC1873,5.232131,-67.3344,10.44,OC,2.80
NGC1876,5.221842,-69.3621,10.94,OC,1.50
NGC1877,5.227456,-69.3838,11.40,N,1.10
NGC1893,5.378928,33.4120,7.30,OC,6.00
NGC1902,5.305317,-66.6274,11.44,OC,1.70
NGC1903,5.289528,-69.3353,11.40,GC,1.90
NGC1907,5.467931,35.3257,8.20,OC,5.40
NGC1909,5.082067,-7.2656,99.00,N,180.00
NGC1910,5.311964,-69.2319,9.65,OC,3.60
NGC1913,5.305358,-69.5365,10.77,OC,1.30
NGC1916,5.310131,-69.4068,10.38,GC,2.10
NGC1922,5.330256,-69.4483,11.07,OC,1.00
NGC1923,5.359461,-65.4867,10.89,OC,0.95
NGC1926,5.343175,-69.5253,11.45,GC,1.40
NGC1931,5.523708,34.2466,10.10,OC,4.80
NGC1933,5.374256,-66.1522,7.50,OC,1.30
NGC1934,5.363303,-67.9372,10.50,OC,1.90
NGC1941,5.385472,-66.3786,11.47,OC,0.90
NGC1947,5.446558,-63.7600,10.47,G,3.48
NGC1948,5.429511,-66.2668,10.21,OC,7.00
NGC1951,5.435228,-66.5972,10.07,OC,1.70
NGC1953,5.424392,-68.8383,11.37,GC,1.20
NGC1955,5.436100,-67.4974,8.35,N,4.00
NGC1961,5.701292,69.3784,11.19,G,4.42
NGC1962,5.438258,-68.8376,11.47,OC,1.40
NGC1964,5.556044,-21.9458,10.91,G,5.16
NGC1967,5.445364,-69.1015,10.20,OC,0.95
NGC1970,5.447964,-68.8367,9.85,OC,1.50
NGC1971,5.445900,-69.8516,11.41,OC,1.10
NGC1973,5.584661,-4.7318,6.40,N,5.00
NGC1974,5.466394,-67.4241,10.30,OC,1.60
NGC1975,5.588300,-4.6852,6.40,N,10.00
NGC1978,5.479203,-66.2359,10.10,GC,4.00
NGC1980,5.590553,-5.9099,2.50,OC,9.30
NGC1981,5.585997,-4.4251,4.20,OC,9.00
NGC1984,5.461364,-69.1343,9.40,OC,1.50
NGC1986,5.460578,-69.9736,10.71,GC,2.80
NGC1987,5.454764,-70.7374,11.50,GC,1.70
NGC1999,5.607042,-6.7159,8.90,N,2.00
NGC2002,5.505750,-66.8850,10.68,GC,1.90
NGC2003,5.515333,-66.4666,10.75,GC,1.70
NGC2004,5.511875,-67.2864,9.00,GC,3.00
NGC2009,5.516433,-69.1817,10.69,OC,1.40
NGC2010,5.509703,-70.8197,11.36,OC,1.90
NGC2011,5.538947,-67.5231,10.02,OC,1.00
NGC2014,5.538853,-67.6898,8.57,N,5.10
NGC2018,5.523581,-71.0691,10.31,N,2.80
NGC2019,5.532406,-70.1596,10.30,GC,1.50
NGC2024,5.695158,-1.8563,99.00,N,30.00
NGC2025,5.542678,-71.7155,10.58,OC,1.90
NGC2027,5.583253,-66.9163,10.37,OC,4.60
NGC2031,5.561617,-70.9868,10.49,GC,3.30
NGC2035,5.592000,-67.5842,10.99,N,1.80
NGC2037,5.583508,-69.7316,9.61,OC,2.90
NGC2038,5.578408,-70.5629,11.50,OC,1.60
NGC2040,5.601647,-67.5686,11.47,N,2.10
NGC2041,5.607792,-66.9898,9.98,GC,2.60
NGC2042,5.602661,-68.9234,9.22,OC,4.50
NGC2048,5.598775,-69.6485,11.45,N,1.40
NGC2051,5.602039,-71.0114,11.43,OC,1.50
NGC2056,5.609436,-70.6719,11.20,OC,1.50
NGC2058,5.615061,-70.1623,11.49,OC,2.10
NGC2060,5.629694,-69.1717,9.09,SNR,2.20
NGC2065,5.627339,-70.2365,10.90,OC,2.30
NGC2069,5.646233,-68.9744,10.10,N,5.00
NGC2070,5.645100,-69.1009,4.40,N,16.00
NGC2071,5.785350,0.2943,7.40,OC,7.00
NGC2074,5.650994,-69.4981,7.90,OC,4.00
NGC2075,5.639264,-70.6850,10.88,OC,2.20
NGC2077,5.660006,-69.6571,11.11,N,1.30
NGC2078,5.660958,-69.7432,10.41,N,1.20
NGC2079,5.660444,-69.7572,11.09,N,1.10
NGC2080,5.662728,-69.6441,10.42,N,1.70
NGC2083,5.666450,-69.7376,10.83,N,2.00
NGC2090,5.783858,-34.2506,10.88,G,4.47
NGC2096,5.704944,-68.4586,11.22,OC,1.10
NGC2098,5.708619,-68.2732,10.29,OC,2.20
NGC2100,5.702519,-69.2118,9.00,GC,2.50
NGC2102,5.705692,-69.4871,11.44,OC,0.85
NGC2103,5.694542,-71.3331,10.82,N,4.00
NGC2107,5.720244,-70.6399,11.29,OC,1.70
NGC2112,5.895892,0.4108,9.10,OC,21.00
NGC2117,5.796089,-67.4502,11.41,OC,2.00
NGC2122,5.814586,-70.0701,10.43,OC,6.00
NGC2127,5.855911,-69.3591,11.37,OC,1.50
NGC2129,6.018483,23.3222,6.70,OC,3.90
NGC2133,5.857978,-71.1750,11.44,OC,1.60
NGC2134,5.866028,-71.0976,10.45,GC,2.80
NGC2136,5.882708,-69.4928,10.39,GC,2.80
NGC2139,6.018836,-23.6726,11.38,G,2.94
NGC2141,6.048628,10.4465,9.40,OC,5.40
NGC2146,6.310475,78.3570,9.93,G,5.31
NGC2156,5.963800,-68.4608,10.90,GC,2.10
NGC2157,5.959661,-69.1972,9.75,GC,2.80
NGC2158,6.123781,24.0962,8.60,OC,8.40
NGC2159,5.967744,-68.6229,11.06,GC,1.90
NGC2164,5.982294,-68.5159,9.84,GC,2.80
NGC2169,6.140097,13.9649,5.39,OC,7.20
NGC2172,6.001622,-68.6369,11.33,OC,1.70
NGC2174,6.156561,20.6596,99.00,N,40.00
NGC2175,6.160986,20.4876,6.40,OC,5.40
NGC2180,6.160069,4.7116,8.40,OC,4.20
NGC2182,6.158597,-6.3264,8.40,N,3.00
NGC2186,6.201981,5.4586,8.60,OC,4.20
NGC2188,6.169314,-34.1062,11.49,G,5.42
NGC2192,6.254842,39.8552,10.90,OC,5.40
NGC2194,6.229419,12.8067,8.43,OC,8.70
NGC2196,6.202681,-21.8059,11.19,G,2.77
NGC2203,6.078486,-75.4384,11.29,GC,3.20
NGC2204,6.258950,-18.6659,8.60,OC,6.30
NGC2207,6.272786,-21.3727,11.06,G,4.86
NGC2210,6.192044,-69.1214,10.30,GC,3.30
NGC2214,6.215814,-68.2607,10.44,OC,3.10
NGC2215,6.347014,-7.2838,8.25,OC,8.40
NGC2217,6.361050,-27.2338,10.57,G,4.63
NGC2232,6.466981,-4.8474,3.90,OC,9.90
NGC2236,6.494361,6.8307,8.48,OC,5.40
NGC2237,6.515169,5.0492,99.00,N,80.00
NGC2238,6.511214,5.0131,5.40,N,80.00
NGC2239,6.532100,4.9429,4.66,OC,9.30
NGC2243,6.492911,-31.2813,9.40,OC,5.10
NGC2245,6.544792,10.1566,10.40,N,2.00
NGC2247,6.551444,10.3223,7.90,N,2.00
NGC2250,6.563856,-5.0844,8.90,OC,5.10
NGC2251,6.577356,8.3664,7.09,OC,5.70
NGC2252,6.578603,5.3662,7.70,OC,6.60
NGC2254,6.597128,7.6733,9.10,OC,4.20
NGC2259,6.639289,10.8836,10.80,OC,6.00
NGC2262,6.660578,1.1436,10.70,OC,3.90
NGC2264,6.682847,9.8955,3.90,OC,11.40
NGC2266,6.722003,26.9696,9.50,OC,4.20
NGC2269,6.721411,4.6243,9.82,OC,4.80
NGC2276,7.453989,85.7546,11.39,G,2.23
NGC2280,6.746975,-27.6386,10.46,G,6.53
NGC2281,6.804956,41.0789,5.40,OC,10.80
NGC2282,6.780992,1.3160,9.40,N,3.00
NGC2286,6.794492,-3.1477,7.50,OC,5.40
NGC2292,6.794347,-26.7462,11.23,G,4.34
NGC2293,6.795253,-26.7544,11.04,G,4.41
NGC2298,6.816444,-36.0053,8.89,GC,4.80
NGC2299,6.864911,-7.0827,8.46,OC,4.80
NGC2300,7.538881,85.7095,11.16,G,3.05
NGC2301,6.862583,0.4592,5.70,OC,10.20
NGC2304,6.919892,17.9928,10.00,OC,4.80
NGC2309,6.934336,-7.1743,10.50,OC,5.40
NGC2310,6.898322,-40.8626,11.35,G,4.52
NGC2311,6.963208,-4.6113,9.60,OC,6.00
NGC2319,7.008947,3.0422,11.16,OC,6.00
NGC2324,7.068878,1.0446,8.23,OC,8.70
NGC2325,7.044556,-28.6972,11.18,G,3.97
NGC2331,7.116619,27.2616,8.50,OC,4.80
NGC2335,7.113736,-10.0286,7.16,OC,8.70
NGC2336,7.451125,80.1781,10.59,G,5.01
NGC2343,7.135222,-10.6168,6.45,OC,7.50
NGC2345,7.138553,-13.1937,7.70,OC,6.90
NGC2346,7.156392,-0.8091,11.20,PN,0.87
NGC2353,7.241753,-10.2659,6.70,OC,6.60
NGC2354,7.234797,-25.6889,6.50,OC,4.80
NGC2355,7.283128,13.7499,9.70,OC,6.00
NGC2360,7.295311,-15.6413,7.02,OC,9.00
NGC2362,7.311519,-24.9542,4.10,OC,7.20
NGC2366,7.481850,69.2158,10.96,G,4.37
NGC2367,7.334594,-21.8841,7.38,OC,5.40
NGC2371,7.426294,29.4906,11.20,PN,2.20
NGC2374,7.398908,-13.2634,7.86,OC,9.00
NGC2380,7.398542,-27.5291,11.12,G,2.52
NGC2383,7.411083,-20.9476,8.28,OC,4.20
NGC2384,7.419397,-21.0199,6.87,OC,4.80
NGC2392,7.486322,20.9118,9.52,PN,0.86
NGC2395,7.453569,13.6082,8.00,OC,4.62
NGC2396,7.467478,-11.7197,7.40,OC,6.60
NGC2403,7.614278,65.6026,8.23,G,19.95
NGC2409,7.526867,-17.1904,6.88,OC,0.11
NGC2414,7.553556,-15.4539,7.73,OC,5.40
NGC2419,7.635542,38.8800,10.05,GC,4.50
NGC2420,7.639972,21.5741,8.30,OC,7.50
NGC2421,7.603281,-20.6123,8.09,OC,5.10
NGC2423,7.618536,-13.8715,6.55,OC,11.70
NGC2427,7.607828,-47.6356,11.48,G,5.74
NGC2432,7.681631,-19.0691,10.20,OC,5.40
NGC2434,7.580878,-69.2841,11.34,G,2.69
NGC2438,7.697331,-14.7358,9.50,PN,1.07
NGC2439,7.679281,-31.6924,6.71,OC,8.70
NGC2440,7.698711,-18.2085,9.40,PN,0.27
NGC2442,7.606622,-69.5308,10.63,G,4.68
NGC2451,7.754169,-37.9674,9.44,OC,37.50
NGC2453,7.792814,-27.1948,7.79,OC,3.00
NGC2455,7.816278,-21.2979,10.20,OC,4.50
NGC2477,7.869383,-38.5333,5.80,OC,18.60
NGC2479,7.918353,-17.7078,9.60,OC,6.30
NGC2482,7.919547,-24.2546,7.11,OC,6.60
NGC2483,7.927442,-27.8868,7.29,OC,3.30
NGC2489,7.937483,-30.0608,7.90,OC,4.20
NGC2506,8.000494,-10.7696,7.60,OC,10.80
NGC2509,8.013283,-19.0505,9.30,OC,4.80
NGC2516,7.968628,-60.7535,3.24,OC,24.30
NGC2520,8.082828,-28.1467,6.21,OC,9.30
NGC2525,8.093900,-11.4270,11.47,G,3.08
NGC2533,8.117806,-29.8839,7.59,OC,4.98
NGC2539,8.176939,-12.8207,6.45,OC,12.30
NGC2546,8.204342,-37.5943,5.86,OC,16.50
NGC2547,8.169303,-49.2057,4.15,OC,7.80
NGC2549,8.316208,57.8031,11.14,G,3.63
NGC2559,8.285019,-27.4558,11.09,G,2.81
NGC2566,8.312683,-25.4995,10.81,G,3.98
NGC2567,8.309772,-30.6356,7.17,OC,6.00
NGC2571,8.315653,-29.7493,6.56,OC,7.20
NGC2580,8.357750,-30.2935,9.70,OC,3.00
NGC2587,8.390022,-29.5087,9.20,OC,6.00
NGC2613,8.556344,-22.9737,10.38,G,7.62
NGC2627,8.620817,-29.9504,8.40,OC,5.40
NGC2635,8.640553,-34.7716,11.20,OC,5.10
NGC2640,8.623506,-55.1238,11.02,G,4.67
NGC2645,8.650867,-46.2273,6.91,OC,6.60
NGC2655,8.927147,78.2231,10.38,G,3.93
NGC2658,8.724261,-32.6562,9.20,OC,7.20
NGC2659,8.709172,-45.0005,8.15,OC,5.10
NGC2660,8.710553,-47.2007,8.45,OC,3.60
NGC2663,8.752292,-33.7948,10.59,G,3.90
NGC2669,8.772936,-52.9475,5.75,OC,8.40
NGC2670,8.758189,-48.7916,7.71,OC,4.20
NGC2681,8.892428,51.3137,10.55,G,3.97
NGC2683,8.878147,33.4217,9.39,G,9.48
NGC2685,8.926308,58.7344,11.35,G,4.33
NGC2715,9.135056,78.0852,11.44,G,4.20
NGC2736,9.004706,-45.9481,99.00,N,30.00
NGC2742,9.125981,60.4793,11.48,G,2.86
NGC2768,9.193750,60.0372,9.87,G,5.64
NGC2775,9.172256,7.0379,10.24,G,4.25
NGC2784,9.205417,-24.1726,10.10,G,4.82
NGC2787,9.321833,69.2032,11.00,G,3.24
NGC2805,9.339003,64.1028,11.19,G,3.39
NGC2808,9.200706,-64.8628,5.69,GC,9.00
NGC2811,9.269753,-16.3127,11.45,G,3.05
NGC2822,9.230478,-69.6448,11.02,G,3.96
NGC2835,9.298031,-22.3547,10.46,G,6.43
NGC2841,9.367397,50.9765,9.46,G,6.90
NGC2855,9.357636,-11.9095,11.05,G,3.45
NGC2859,9.405147,34.5135,10.94,G,3.19
NGC2865,9.391725,-23.1614,11.48,G,2.44
NGC2867,9.356936,-58.3117,9.10,PN,0.23
NGC2903,9.536142,21.5008,8.91,G,11.94
NGC2910,9.508061,-52.9140,6.89,OC,4.80
NGC2925,9.553033,-53.3960,8.30,OC,7.50
NGC2935,9.612458,-21.1281,11.19,G,4.21
NGC2950,9.709764,58.8513,11.03,G,2.62
NGC2964,9.715064,31.8474,11.37,G,2.92
NGC2972,9.669867,-50.3209,9.90,OC,3.60
NGC2974,9.709244,-3.6991,10.89,G,3.48
NGC2976,9.787628,67.9164,10.16,G,5.77
NGC2985,9.839508,72.2786,10.51,G,3.61
NGC2986,9.737789,-21.2780,10.64,G,4.81
NGC2997,9.760775,-31.1911,9.41,G,10.26
NGC3033,9.809733,-56.4301,8.64,OC,4.80
NGC3054,9.907944,-25.7034,11.48,G,3.56
NGC3059,9.835600,-73.9222,11.14,G,3.80
NGC3065,10.032006,72.1703,11.16,G,1.87
NGC3077,10.055297,68.7339,9.88,G,5.21
NGC3078,9.973503,-26.9267,11.16,G,3.04
NGC3079,10.032722,55.6798,10.71,G,8.18
NGC3087,9.985739,-34.2252,11.43,G,2.28
NGC3091,10.003969,-19.6370,11.00,G,3.69
NGC3100,10.011344,-31.6645,11.37,G,3.56
NGC3105,10.010978,-54.7877,9.70,OC,4.08
NGC3108,10.041397,-31.6774,11.47,G,2.54
NGC3109,10.051911,-26.1596,9.79,G,16.00
NGC3114,10.041547,-60.1305,3.87,OC,12.30
NGC3115,10.087217,-7.7186,9.09,G,7.10
NGC3132,10.117147,-40.4366,7.60,PN,0.50
NGC3136,10.096711,-67.3780,10.67,G,4.20
NGC3147,10.281569,73.4008,10.66,G,4.11
NGC3166,10.229333,3.4247,10.62,G,4.50
NGC3169,10.237514,3.4661,10.65,G,4.34
NGC3175,10.245031,-28.8721,11.26,G,5.25
NGC3184,10.304683,41.4241,9.81,G,7.40
NGC3189,10.301564,21.8323,11.05,G,3.64
NGC3193,10.306917,21.8940,11.02,G,2.36
NGC3195,10.155828,-80.8586,10.90,PN,0.70
NGC3198,10.331931,45.5496,10.30,G,6.46
NGC3201,10.293544,-46.4112,8.24,GC,9.60
NGC3211,10.297364,-62.6701,10.70,PN,0.27
NGC3223,10.359744,-34.2668,10.96,G,4.28
NGC3227,10.391828,19.8651,10.95,G,3.98
NGC3228,10.356178,-51.7226,5.55,OC,6.60
NGC3239,10.418025,17.1636,11.08,G,3.61
NGC3242,10.412800,-18.6422,7.70,PN,0.42
NGC3245,10.455108,28.5074,10.75,G,3.61
NGC3247,10.403889,-57.7633,7.39,N,5.00
NGC3250,10.442300,-39.9439,11.02,G,2.96
NGC3255,10.442044,-60.6752,10.94,OC,4.80
NGC3256,10.464242,-43.9037,11.50,G,3.29
NGC3258,10.481547,-35.6055,11.41,G,2.94
NGC3261,10.483739,-44.6568,11.41,G,3.65
NGC3268,10.500183,-35.3255,11.41,G,3.50
NGC3293,10.596881,-58.2245,4.24,OC,5.10
NGC3301,10.615567,21.8821,11.41,G,3.63
NGC3310,10.646072,53.5034,10.68,G,1.80
NGC3311,10.611894,-27.5283,11.32,G,2.63
NGC3318,10.620975,-41.6276,11.50,G,2.52
NGC3319,10.652628,41.6867,11.17,G,3.63
NGC3324,10.621169,-58.6196,6.31,OC,4.80
NGC3330,10.645953,-54.1307,6.95,OC,5.10
NGC3338,10.702094,13.7470,10.84,G,1.23
NGC3344,10.725319,24.9222,9.90,G,6.70
NGC3348,10.786111,72.8397,10.92,G,2.13
NGC3359,10.776906,63.2242,10.47,G,4.07
NGC3366,10.585633,-43.6918,11.49,G,2.72
NGC3367,10.776375,13.7509,11.42,G,2.88
NGC3372,10.752369,-59.8667,2.40,N,120.00
NGC3377,10.795092,13.9859,10.27,G,3.87
NGC3384,10.804692,12.6293,9.96,G,5.24
NGC3412,10.848133,13.4121,10.53,G,3.96
NGC3414,10.854503,27.9751,11.09,G,2.67
NGC3423,10.853981,5.8400,11.01,G,3.56
NGC3432,10.875314,36.6188,11.06,G,7.41
NGC3486,11.006631,28.9751,10.47,G,5.82
NGC3489,11.005158,13.9012,10.23,G,3.44
NGC3496,10.992725,-60.3369,8.20,OC,6.00
NGC3504,11.053114,27.9725,11.02,G,2.48
NGC3507,11.057044,18.1354,11.47,G,2.92
NGC3511,11.056603,-23.0868,10.94,G,6.04
NGC3513,11.062800,-23.2455,11.34,G,2.81
NGC3519,11.067436,-61.3683,7.45,OC,4.80
NGC3521,11.096828,-0.0359,9.11,G,8.32
NGC3532,11.096617,-58.7705,2.68,OC,12.00
NGC3557,11.166011,-37.5392,10.42,G,4.36
NGC3572,11.172000,-60.2484,6.22,OC,4.08
NGC3585,11.221414,-26.7548,9.69,G,6.61
NGC3590,11.216381,-60.7890,7.90,OC,5.10
NGC3593,11.243611,12.8177,10.91,G,4.69
NGC3596,11.251725,14.7870,11.19,G,3.55
NGC3607,11.281844,18.0518,10.00,G,4.59
NGC3608,11.283042,18.1487,10.63,G,3.18
NGC3610,11.307019,58.7863,10.77,G,2.39
NGC3613,11.310031,58.0000,10.81,G,3.55
NGC3621,11.304586,-32.8141,9.50,G,9.79
NGC3626,11.334392,18.3568,10.98,G,2.94
NGC3628,11.338047,13.5897,9.37,G,11.04
NGC3631,11.350797,53.1696,10.11,G,3.72
NGC3640,11.351903,3.2348,10.41,G,4.33
NGC3642,11.371636,59.0745,11.11,G,4.27
NGC3646,11.361967,20.1696,11.16,G,3.09
NGC3665,11.412131,38.7629,10.83,G,4.06
NGC3672,11.417353,-9.7954,11.34,G,2.90
NGC3675,11.435717,43.5859,10.09,G,5.90
NGC3680,11.426967,-43.2501,7.60,OC,5.70
NGC3686,11.462214,17.2242,11.40,G,2.88
NGC3690B,11.476008,58.5629,11.08,G,2.40
NGC3699,11.465875,-59.9581,10.40,PN,0.75
NGC3705,11.502072,9.2766,10.97,G,4.31
NGC3706,11.495675,-36.3913,11.30,G,3.10
NGC3717,11.525553,-30.3078,11.23,G,6.52
NGC3718,11.543014,53.0679,10.70,G,4.70
NGC3726,11.555867,47.0292,10.06,G,5.27
NGC3729,11.563700,53.1256,11.12,G,2.89
NGC3738,11.596886,54.5239,10.95,G,2.26
NGC3756,11.613339,54.2936,11.48,G,1.91
NGC3766,11.603997,-61.6052,5.06,OC,6.90
NGC3810,11.682989,11.4711,10.68,G,3.35
NGC3877,11.768806,47.4943,11.00,G,5.36
NGC3887,11.784603,-16.8546,10.80,G,3.27
NGC3892,11.800275,-10.9621,11.24,G,3.08
NGC3893,11.810608,48.7108,10.22,G,2.69
NGC3898,11.820936,56.0844,10.66,G,3.47
NGC3900,11.819294,27.0220,11.44,G,2.55
NGC3904,11.820339,-29.2767,10.79,G,3.47
NGC3918,11.838319,-57.1823,7.80,PN,0.32
NGC3923,11.850469,-28.8060,9.60,G,6.89
NGC3938,11.880403,44.1207,10.28,G,3.55
NGC3941,11.882044,36.9863,10.37,G,3.51
NGC3945,11.887147,60.6756,10.75,G,5.55
NGC3949,11.894922,47.8587,10.77,G,2.26
NGC3953,11.896922,52.3268,9.88,G,6.14
NGC3960,11.842558,-55.6698,8.30,OC,6.00
NGC3962,11.911139,-13.9750,10.65,G,4.17
NGC3982,11.941147,55.1253,11.21,G,2.13
NGC3998,11.965592,55.4536,10.81,G,2.78
NGC4013,11.975383,43.9466,11.31,G,4.89
NGC4026,11.990331,50.9617,10.78,G,4.41
NGC4027,11.991714,-19.2652,10.98,G,3.54
NGC4030,12.006564,-1.1001,10.51,G,3.78
NGC4036,12.024097,61.8958,10.84,G,4.85
NGC4038,12.031392,-18.8676,10.20,G,5.42
NGC4039,12.031531,-18.8862,10.44,G,5.36
NGC4041,12.036722,62.1372,11.05,G,2.57
NGC4051,12.052669,44.5313,10.17,G,4.89
NGC4052,12.034775,-63.2235,8.80,OC,5.10
NGC4062,12.067731,31.8958,11.15,G,4.14
NGC4064,12.069767,18.4434,11.33,G,3.22
NGC4088,12.092831,50.5390,10.60,G,7.01
NGC4096,12.100314,47.4784,10.50,G,5.65
NGC4100,12.102347,49.5827,11.09,G,4.56
NGC4102,12.106386,52.7111,11.48,G,2.94
NGC4103,12.110992,-61.2501,7.40,OC,7.80
NGC4105,12.111325,-29.7602,10.62,G,4.33
NGC4106,12.112444,-29.7683,11.30,G,4.14
NGC4111,12.117536,43.0657,10.81,G,1.78
NGC4119,12.136006,10.3789,11.50,G,1.58
NGC4123,12.136419,2.8783,11.36,G,3.18
NGC4125,12.135006,65.1741,9.71,G,5.87
NGC4136,12.154914,29.9276,11.30,G,2.34
NGC4143,12.160017,42.5342,11.23,G,2.73
NGC4144,12.166278,46.4572,11.44,G,5.24
NGC4145,12.167089,39.8839,11.18,G,4.62
NGC4147,12.168381,18.5421,10.74,GC,2.40
NGC4151,12.175717,39.4057,10.76,G,2.88
NGC4157,12.184547,50.4847,11.29,G,6.22
NGC4168,12.204797,13.2052,11.43,G,2.92
NGC4178,12.212903,10.8660,11.32,G,4.66
NGC4179,12.214475,1.2997,10.93,G,4.48
NGC4203,12.251406,33.1973,11.12,G,3.42
NGC4208,12.260933,13.9015,11.10,G,2.80
NGC4214,12.260881,36.3269,9.61,G,6.79
NGC4216,12.265122,13.1494,9.93,G,7.82
NGC4217,12.264139,47.0918,11.23,G,5.43
NGC4220,12.269919,47.8833,11.33,G,3.30
NGC4230,12.285936,-55.2861,9.40,OC,5.40
NGC4236,12.278367,69.4626,9.46,G,23.50
NGC4242,12.291717,45.6193,10.99,G,3.80
NGC4244,12.291572,37.8071,9.84,G,16.22
NGC4245,12.293547,29.6080,11.42,G,2.55
NGC4251,12.302292,28.1754,10.77,G,2.34
NGC4261,12.323117,5.8252,10.58,G,4.25
NGC4262,12.325158,14.8777,11.46,G,1.74
NGC4267,12.329233,12.7983,10.89,G,2.55
NGC4274,12.330719,29.6145,10.42,G,3.63
NGC4278,12.335228,29.2807,10.21,G,2.89
NGC4281,12.339311,5.3864,11.31,G,2.85
NGC4291,12.338389,75.3708,11.42,G,1.93
NGC4293,12.353581,18.3824,10.17,G,6.24
NGC4298,12.359100,14.6062,11.34,G,2.54
NGC4314,12.375506,29.8959,10.57,G,3.70
NGC4324,12.385050,5.2503,11.50,G,2.96
NGC4337,12.400919,-58.1238,8.84,OC,6.60
NGC4339,12.393042,6.0817,11.41,G,2.32
NGC4340,12.393136,16.7224,11.15,G,2.82
NGC4349,12.401678,-61.8704,7.40,OC,6.30
NGC4350,12.399408,16.6934,10.87,G,2.80
NGC4361,12.408544,-18.7848,9.70,PN,1.05
NGC4365,12.407856,7.3177,9.43,G,5.12
NGC4371,12.415397,11.7042,10.83,G,3.88
NGC4372,12.429272,-72.6591,9.85,GC,12.00
NGC4373,12.421617,-39.7597,10.92,G,3.98
NGC4378,12.421694,4.9251,11.29,G,2.09
NGC4380,12.422825,10.0168,11.29,G,3.35
NGC4388,12.429653,12.6621,11.02,G,5.38
NGC4394,12.432092,18.2141,11.03,G,3.48
NGC4395,12.430239,33.5469,10.24,G,4.17
NGC4414,12.440861,31.2235,10.20,G,1.95
NGC4417,12.447392,9.5843,11.22,G,3.09
NGC4419,12.449011,15.0474,11.06,G,3.89
NGC4421,12.450706,15.4615,11.42,G,2.59
NGC4429,12.457364,11.1077,10.08,G,5.30
NGC4435,12.461247,13.0789,10.93,G,3.03
NGC4438,12.462664,13.0088,10.37,G,9.16
NGC4439,12.473986,-60.1032,8.13,OC,4.50
NGC4442,12.467744,9.8037,10.60,G,4.32
NGC4448,12.470953,28.6203,11.11,G,1.58
NGC4449,12.469750,44.0936,8.90,G,4.66
NGC4450,12.474897,17.0849,10.21,G,5.46
NGC4457,12.483058,3.5706,10.57,G,2.79
NGC4459,12.483336,13.9784,10.25,G,4.17
NGC4461,12.484169,13.1837,11.02,G,3.61
NGC4463,12.498672,-64.7897,7.02,OC,4.80
NGC4469,12.491119,8.7499,11.04,G,2.86
NGC4473,12.496908,13.4294,10.09,G,4.27
NGC4477,12.500611,13.6366,10.31,G,3.70
NGC4478,12.504839,12.3286,11.44,G,1.75
NGC4487,12.517906,-8.0539,11.18,G,3.46
NGC4490,12.510067,41.6439,9.16,G,6.71
NGC4494,12.523361,25.7752,9.80,G,4.35
NGC4503,12.535064,11.1764,10.97,G,3.48
NGC4517,12.545997,0.1150,10.48,G,9.02
NGC4526,12.567525,7.6995,9.59,G,6.95
NGC4527,12.569006,2.6537,10.50,G,6.30
NGC4535,12.572308,8.1978,9.89,G,8.15
NGC4536,12.574181,2.1881,10.47,G,7.08
NGC4546,12.591531,-3.7932,10.57,G,3.16
NGC4559,12.599347,27.9600,9.68,G,10.57
NGC4564,12.607494,11.4393,11.26,G,3.13
NGC4565,12.605772,25.9877,9.45,G,16.75
NGC4567,12.609086,11.2580,11.32,G,2.74
NGC4568,12.609517,11.2389,10.80,G,4.31
NGC4570,12.614833,7.2466,11.11,G,3.88
NGC4571,12.615661,14.2174,11.29,G,3.56
NGC4578,12.625156,9.5551,11.40,G,2.50
NGC4589,12.623608,74.1919,10.74,G,2.93
NGC4593,12.660953,-5.3442,11.28,G,2.40
NGC4596,12.665542,10.1761,10.46,G,3.93
NGC4605,12.666494,61.6092,10.22,G,5.87
NGC4608,12.687025,10.1557,11.08,G,2.88
NGC4609,12.704675,-62.9958,6.72,OC,5.40
NGC4612,12.692431,7.3149,11.50,G,2.57
NGC4618,12.692458,41.1508,10.71,G,3.56
NGC4631,12.702225,32.5415,8.87,G,14.45
NGC4636,12.713842,2.6878,9.44,G,6.35
NGC4638,12.713172,11.4425,11.12,G,2.31
NGC4639,12.714553,13.2574,11.48,G,2.87
NGC4643,12.722261,1.9783,10.62,G,2.24
NGC4647,12.725642,11.5819,11.00,G,2.75
NGC4651,12.728508,16.3934,10.77,G,3.87
NGC4654,12.732383,13.1267,10.49,G,4.72
NGC4660,12.742217,11.1905,11.27,G,2.09
NGC4664,12.751664,3.0558,10.50,G,4.52
NGC4666,12.752386,-0.4619,10.75,G,4.97
NGC4689,12.795989,13.7628,10.93,G,3.82
NGC4691,12.803786,-3.3327,10.92,G,3.03
NGC4696,12.813681,-41.3108,10.30,G,3.85
NGC4697,12.809967,-5.8007,9.37,G,7.14
NGC4698,12.806364,8.4874,10.65,G,3.81
NGC4699,12.817286,-8.6649,9.53,G,3.99
NGC4709,12.834411,-41.3820,11.10,G,3.09
NGC4710,12.827453,15.1654,10.71,G,4.39
NGC4725,12.840717,25.5008,9.32,G,9.71
NGC4731,12.850303,-6.3931,11.28,G,6.32
NGC4742,12.863344,-10.4547,11.20,G,2.14
NGC4750,12.835353,72.8746,11.19,G,2.40
NGC4753,12.872808,-1.1997,9.66,G,6.49
NGC4754,12.871528,11.3139,10.48,G,4.16
NGC4762,12.882236,11.2308,10.17,G,8.26
NGC4772,12.891433,2.1684,11.29,G,4.12
NGC4775,12.896028,-6.6222,10.93,G,2.22
NGC4781,12.906597,-10.5372,10.86,G,3.66
NGC4802,12.930456,-12.0553,11.34,G,2.64
NGC4815,12.966214,-64.9618,8.60,OC,3.90
NGC4818,12.946917,-8.5253,11.34,G,4.27
NGC4833,12.993039,-70.8746,7.79,GC,8.40
NGC4845,12.966997,1.5758,10.97,G,5.50
NGC4852,13.001219,-59.6094,8.90,OC,5.40
NGC4856,12.989242,-15.0422,10.62,G,4.25
NGC4866,12.990872,14.1711,11.08,G,5.77
NGC4889,13.002258,27.9770,11.45,G,2.59
NGC4900,13.010864,2.5014,11.29,G,2.13
NGC4902,13.016592,-14.5136,11.20,G,2.63
NGC4930,13.068131,-41.4116,11.43,G,3.54
NGC4936,13.071358,-30.5262,10.71,G,2.85
NGC4939,13.070664,-10.3396,11.29,G,5.71
NGC4941,13.070317,-5.5516,11.27,G,3.29
NGC4945,13.090967,-49.4682,8.68,G,23.33
NGC4958,13.096911,-8.0203,10.59,G,4.79
NGC4976,13.143758,-49.5064,10.08,G,5.83
NGC4981,13.146872,-6.7775,11.41,G,2.70
NGC4984,13.149231,-15.5163,11.01,G,3.37
NGC4995,13.161292,-7.8334,11.11,G,2.43
NGC5005,13.182286,37.0592,9.94,G,4.82
NGC5011,13.214406,-43.0962,11.38,G,2.92
NGC5018,13.216953,-19.5182,10.85,G,3.49
NGC5033,13.224297,36.5939,10.10,G,9.84
NGC5044,13.256658,-16.3855,10.78,G,3.66
NGC5053,13.274164,17.6977,9.96,GC,4.80
NGC5054,13.282914,-16.6349,10.79,G,5.04
NGC5061,13.301408,-26.8372,10.31,G,3.75
NGC5068,13.315225,-21.0391,10.04,G,7.48
NGC5078,13.330550,-27.4104,10.64,G,2.56
NGC5084,13.338033,-21.8276,10.49,G,9.93
NGC5087,13.340267,-20.6110,11.13,G,2.99
NGC5090,13.353561,-43.7046,11.28,G,3.51
NGC5101,13.362844,-27.4305,10.46,G,5.90
NGC5102,13.366003,-36.6303,9.66,G,9.71
NGC5120,13.427614,-63.4583,10.80,OC,0.00
NGC5128,13.424339,-43.0191,7.19,G,25.88
NGC5138,13.454225,-59.0409,5.33,OC,4.20
NGC5139,13.446081,-47.4769,5.33,GC,27.00
NGC5161,13.487197,-33.1738,11.43,G,5.36
NGC5168,13.518125,-60.9392,8.95,OC,4.20
NGC5170,13.496886,-17.9664,11.23,G,7.96
NGC5189,13.559142,-65.9741,9.70,PN,2.33
NGC5195,13.499886,47.2661,9.58,G,5.50
NGC5204,13.493475,58.4187,11.12,G,4.50
NGC5206,13.562217,-48.1512,10.49,G,4.26
NGC5247,13.634178,-17.8840,10.17,G,5.32
NGC5248,13.625561,8.8852,9.97,G,4.07
NGC5253,13.665544,-31.6401,10.20,G,5.01
NGC5266,13.717253,-48.1694,10.77,G,2.92
NGC5281,13.776431,-62.9165,5.55,OC,6.90
NGC5286,13.774050,-51.3735,8.31,GC,6.60
NGC5307,13.850917,-51.2058,11.20,PN,0.21
NGC5308,13.783453,60.9732,11.32,G,4.33
NGC5315,13.899136,-66.5142,9.80,PN,0.10
NGC5316,13.899228,-61.8691,5.48,OC,9.90
NGC5322,13.820908,60.1905,10.14,G,5.62
NGC5350,13.889342,40.3639,11.47,G,2.69
NGC5353,13.890747,40.2830,11.02,G,2.37
NGC5354,13.890750,40.3027,11.38,G,3.03
NGC5363,13.935336,5.2548,10.21,G,4.17
NGC5364,13.936667,5.0145,10.52,G,3.80
NGC5365,13.964067,-43.9313,11.32,G,3.88
NGC5371,13.927761,40.4618,10.68,G,3.98
NGC5377,13.937964,47.2357,11.27,G,3.64
NGC5419,14.060758,-33.9783,10.77,G,3.98
NGC5427,14.057236,-6.0308,11.36,G,3.61
NGC5460,14.124392,-48.3425,5.25,OC,13.20
NGC5466,14.090933,28.5345,9.70,GC,6.60
NGC5473,14.078675,54.8926,11.47,G,1.99
NGC5474,14.083781,53.6622,10.88,G,2.39
NGC5483,14.173619,-43.3246,11.13,G,3.42
NGC5485,14.119819,55.0017,11.50,G,2.51
NGC5493,14.191494,-5.0436,11.42,G,2.17
NGC5530,14.307542,-43.3886,11.19,G,4.86
NGC5557,14.307144,36.4936,11.02,G,2.28
NGC5566,14.338858,3.9338,10.51,G,5.36
NGC5576,14.351022,3.2710,10.90,G,2.83
NGC5585,14.330056,56.7291,10.79,G,4.27
NGC5606,14.463133,-59.6322,7.35,OC,3.60
NGC5617,14.495575,-60.7108,6.30,OC,5.10
NGC5634,14.493689,-5.9764,10.05,GC,4.50
NGC5638,14.494550,3.2333,11.21,G,1.94
NGC5643,14.544650,-44.1744,10.19,G,5.27
NGC5662,14.593772,-56.6181,5.50,OC,8.10
NGC5676,14.546347,49.4579,11.22,G,3.59
NGC5678,14.534892,57.9214,11.42,G,2.96
NGC5694,14.660142,-26.5383,10.89,GC,3.30
NGC5701,14.653078,5.3635,11.20,G,2.00
NGC5713,14.669864,-0.2890,11.02,G,2.47
NGC5715,14.724914,-57.5770,9.80,OC,3.60
NGC5746,14.748867,1.9550,10.55,G,7.24
NGC5749,14.814983,-54.4977,8.80,OC,7.20
NGC5775,14.899333,3.5444,11.43,G,3.70
NGC5792,14.972975,-1.0911,11.26,G,3.55
NGC5812,15.015472,-7.4574,11.23,G,2.66
NGC5813,15.019786,1.7020,10.53,G,4.13
NGC5822,15.072569,-54.3964,6.50,OC,18.00
NGC5823,15.091842,-55.6037,7.90,OC,3.90
NGC5824,15.066289,-33.0681,9.56,GC,5.10
NGC5831,15.068611,1.2199,11.46,G,2.24
NGC5838,15.090628,2.0993,10.81,G,3.86
NGC5845,15.100225,1.6338,11.40,G,1.00
NGC5846,15.108133,1.6056,10.18,G,4.27
NGC5850,15.118803,1.5442,11.00,G,3.35
NGC5866,15.108194,55.7632,9.89,G,6.31
NGC5873,15.214111,-38.1256,11.00,PN,0.12
NGC5879,15.162981,57.0002,11.47,G,3.79
NGC5882,15.280556,-45.6493,10.18,PN,0.23
NGC5897,15.290111,-21.0101,8.52,GC,9.90
NGC5898,15.303767,-24.0979,11.38,G,2.66
NGC5903,15.310147,-24.0686,11.27,G,3.00
NGC5907,15.264936,56.3288,10.37,G,11.30
NGC5921,15.365711,5.0705,11.02,G,3.02
NGC5925,15.457450,-54.5288,8.40,OC,4.80
NGC5927,15.466786,-50.6728,8.86,GC,6.60
NGC5938,15.607297,-66.8597,11.49,G,2.31
NGC5946,15.591269,-50.6597,10.72,GC,3.60
NGC5962,15.608800,16.6078,11.49,G,2.48
NGC5970,15.641658,12.1866,11.40,G,2.77
NGC5979,15.794739,-61.2179,11.20,PN,0.13
NGC5982,15.644397,59.3558,11.07,G,3.07
NGC5985,15.660303,59.3319,11.35,G,3.98
NGC5986,15.767622,-37.7861,6.92,GC,5.40
NGC5999,15.869064,-56.4728,9.00,OC,3.30
NGC6005,15.930194,-57.4374,10.70,OC,4.20
NGC6015,15.857008,62.3100,11.01,G,5.81
NGC6025,16.054942,-60.4314,4.66,OC,11.40
NGC6031,16.126494,-54.0149,8.32,OC,4.80
NGC6067,16.219736,-54.2189,5.60,OC,8.10
NGC6087,16.314050,-57.9346,5.25,OC,10.20
NGC6101,16.430158,-72.2016,10.08,GC,4.50
NGC6115,16.407328,-51.9482,9.69,OC,4.50
NGC6124,16.422239,-40.6537,5.80,OC,13.50
NGC6134,16.462917,-49.1512,7.20,OC,6.90
NGC6139,16.461253,-38.8498,9.68,GC,4.50
NGC6144,16.453928,-26.0247,9.63,GC,5.40
NGC6152,16.546006,-52.6440,8.10,OC,6.60
NGC6153,16.525178,-40.2534,10.90,PN,0.40
NGC6164,16.561622,-48.0801,6.52,N,1.41
NGC6165,16.567625,-48.1505,6.52,N,2.50
NGC6167,16.576383,-49.7719,6.70,OC,7.20
NGC6169,16.567953,-44.0456,6.60,OC,4.20
NGC6178,16.596458,-45.6437,6.68,OC,6.90
NGC6192,16.673297,-43.3668,8.50,OC,7.50
NGC6200,16.735375,-47.4627,7.14,OC,8.10
NGC6204,16.769306,-47.0170,7.91,OC,4.50
NGC6207,16.717708,36.8324,11.26,G,3.46
NGC6208,16.824497,-53.7283,7.20,OC,8.40
NGC6210,16.741533,23.7998,9.65,PN,0.50
NGC6215,16.851892,-58.9935,11.16,G,2.64
NGC6216,16.823225,-44.7315,10.10,OC,4.20
NGC6217,16.544222,78.1982,11.28,G,2.24
NGC6221,16.879467,-59.2186,10.13,G,4.84
NGC6229,16.783017,47.5278,8.78,GC,4.80
NGC6231,16.903033,-41.8243,2.23,OC,13.80
NGC6235,16.890378,-22.1774,7.20,GC,4.20
NGC6242,16.925956,-39.4609,6.40,OC,6.60
NGC6249,16.961528,-44.8119,8.12,OC,7.60
NGC6250,16.965575,-45.9366,5.54,OC,9.60
NGC6253,16.984758,-52.7088,10.20,OC,6.00
NGC6259,17.012611,-44.6550,8.00,OC,6.00
NGC6268,17.036219,-39.7282,9.50,OC,6.00
NGC6281,17.078139,-37.9852,5.18,OC,10.20
NGC6284,17.074653,-24.7643,7.43,GC,6.60
NGC6287,17.085928,-22.7080,10.30,GC,5.40
NGC6293,17.169558,-26.5817,9.02,GC,4.50
NGC6300,17.283186,-62.8206,10.27,G,5.33
NGC6302,17.229064,-37.1031,9.60,PN,0.74
NGC6304,17.242364,-29.4623,9.03,GC,3.60
NGC6309,17.234528,-12.9106,10.20,PN,0.26
NGC6316,17.277058,-28.1400,9.03,GC,4.80
NGC6322,17.307164,-42.9340,5.72,OC,6.30
NGC6325,17.299797,-23.7660,10.89,GC,4.02
NGC6337,17.371003,-38.4837,11.30,PN,0.85
NGC6340,17.173569,72.3044,11.11,G,3.04
NGC6342,17.352817,-19.5874,10.01,GC,6.60
NGC6352,17.424767,-48.4227,8.87,GC,7.20
NGC6355,17.399625,-26.3534,11.05,GC,2.70
NGC6356,17.393053,-17.8130,7.42,GC,5.40
NGC6362,17.531900,-67.0479,8.86,GC,8.40
NGC6369,17.489028,-23.7594,11.40,PN,0.63
NGC6374,17.578483,-32.5814,4.96,OC,6.90
NGC6384,17.540083,7.0603,10.63,G,2.45
NGC6388,17.604842,-44.7356,6.80,GC,8.40
NGC6396,17.626761,-35.0259,8.50,OC,3.30
NGC6397,17.678156,-53.6737,5.17,GC,15.30
NGC6400,17.670222,-36.9477,8.80,OC,6.00
NGC6401,17.643592,-23.9088,10.71,GC,4.50
NGC6404,17.660378,-33.2467,10.60,OC,4.20
NGC6425,17.783800,-31.5294,7.20,OC,4.80
NGC6440,17.814631,-20.3596,10.10,GC,5.10
NGC6441,17.836900,-37.0511,8.00,GC,4.80
NGC6445,17.820850,-20.0095,11.20,PN,0.55
NGC6451,17.844622,-30.2116,8.20,OC,7.20
NGC6453,17.847697,-34.5999,9.89,GC,5.40
NGC6469,17.886703,-22.2751,8.20,OC,9.00
NGC6482,17.863558,23.0719,11.33,G,2.03
NGC6496,17.984361,-44.2663,9.36,GC,4.62
NGC6503,17.824008,70.1444,10.12,G,5.94
NGC6507,17.997442,-17.4503,9.60,OC,4.80
NGC6517,18.030664,-8.9595,10.48,GC,4.80
NGC6520,18.056706,-27.8861,7.60,OC,5.40
NGC6522,18.059464,-30.0340,9.48,GC,3.90
NGC6526,18.068375,-24.4419,99.00,N,40.00
NGC6528,18.080447,-30.0558,10.65,GC,3.60
NGC6530,18.075286,-24.3581,4.14,OC,6.00
NGC6535,18.064081,-0.2969,9.85,GC,3.60
NGC6541,18.133981,-43.7159,7.32,GC,7.50
NGC6543,17.975942,66.6332,9.01,PN,0.90
NGC6544,18.122222,-24.9984,9.90,GC,6.00
NGC6546,18.122931,-23.2962,8.00,OC,6.90
NGC6553,18.154856,-25.9079,8.48,GC,5.40
NGC6558,18.171772,-31.7635,11.29,GC,5.40
NGC6563,18.200694,-33.8683,11.00,PN,0.79
NGC6567,18.229222,-19.0758,11.00,PN,0.13
NGC6568,18.212292,-21.6280,8.60,OC,7.80
NGC6569,18.227408,-31.8277,9.47,GC,4.50
NGC6572,18.201725,6.8537,8.10,PN,0.18
NGC6583,18.263592,-22.1376,10.00,OC,3.60
NGC6584,18.310458,-52.2152,8.17,GC,5.10
NGC6589,18.282047,-19.7771,9.90,N,4.00
NGC6590,18.284719,-19.8661,9.20,N,4.00
NGC6603,18.307492,-18.4061,11.10,OC,4.20
NGC6604,18.300822,-12.2431,6.46,OC,9.60
NGC6605,18.272689,-15.0152,6.00,OC,6.30
NGC6625,18.379806,-11.9550,9.00,OC,6.00
NGC6629,18.428461,-23.2029,11.00,PN,0.26
NGC6633,18.454231,6.5082,4.41,OC,12.00
NGC6638,18.515625,-25.4964,9.68,GC,4.20
NGC6642,18.531728,-23.4761,10.24,GC,3.90
NGC6643,18.329558,74.5684,11.11,G,3.32
NGC6644,18.542981,-25.1294,10.70,PN,0.04
NGC6645,18.543861,-16.8839,8.50,OC,5.40
NGC6647,18.547039,-17.2287,8.00,OC,3.60
NGC6649,18.557767,-10.4028,8.90,OC,5.58
NGC6652,18.596042,-32.9903,9.75,GC,5.10
NGC6664,18.609264,-8.2208,7.80,OC,6.00
NGC6683,18.703881,-6.2123,9.33,OC,3.00
NGC6684,18.816078,-65.1734,10.50,G,4.19
NGC6703,18.788564,45.5506,11.38,G,2.43
NGC6704,18.846047,-5.2054,9.20,OC,3.30
NGC6709,18.855261,10.3187,6.58,OC,8.70
NGC6712,18.884692,-8.7055,8.69,GC,5.70
NGC6716,18.909547,-19.9011,7.10,OC,7.20
NGC6717,18.918344,-22.7016,10.35,GC,3.90
NGC6727,19.028408,-36.8762,99.00,N,80.00
NGC6741,19.043611,-0.4494,10.20,PN,0.13
NGC6743,19.022408,29.2775,7.60,OC,6.90
NGC6744,19.162806,-63.8575,8.54,G,15.67
NGC6752,19.181050,-59.9819,6.28,GC,13.20
NGC6753,19.189900,-57.0496,11.04,G,2.97
NGC6755,19.130292,4.2664,7.50,OC,6.00
NGC6756,19.145158,4.7058,10.60,OC,3.60
NGC6758,19.231206,-56.3099,11.39,G,2.75
NGC6760,19.186683,1.0305,9.78,GC,5.40
NGC6781,19.307850,6.5397,11.20,PN,1.80
NGC6790,19.382472,1.5133,9.60,PN,0.12
NGC6791,19.348117,37.7719,9.50,OC,6.30
NGC6802,19.509733,20.2610,8.80,OC,4.50
NGC6803,19.521236,10.0560,10.70,PN,0.09
NGC6810,19.726181,-58.6556,11.42,G,3.79
NGC6811,19.621642,46.3888,6.80,OC,7.20
NGC6814,19.711289,-10.3235,11.32,G,3.08
NGC6818,19.732703,-14.1532,9.30,PN,0.77
NGC6819,19.688358,40.1867,7.30,OC,6.90
NGC6822,19.749372,-14.8034,8.76,G,17.38
NGC6823,19.719414,23.2999,7.10,OC,6.00
NGC6826,19.746697,50.5250,9.42,PN,0.42
NGC6830,19.849883,23.1001,7.81,OC,4.20
NGC6834,19.870156,29.4082,7.80,OC,4.50
NGC6857,20.030036,33.5259,10.80,N,0.63
NGC6861,20.122078,-48.3702,11.04,G,3.18
NGC6866,20.065328,44.1591,7.44,OC,5.10
NGC6868,20.165019,-48.3796,10.59,G,3.58
NGC6871,20.099844,35.7773,4.83,OC,9.30
NGC6876,20.305319,-70.8588,10.83,G,3.46
NGC6883,20.188819,35.8322,8.00,OC,4.50
NGC6884,20.173250,46.4608,10.90,PN,0.10
NGC6886,20.211917,19.9897,11.40,PN,0.09
NGC6888,20.201819,38.3549,6.84,N,20.00
NGC6891,20.252456,12.7044,10.50,PN,0.25
NGC6902,20.407817,-43.6535,11.38,G,2.69
NGC6905,20.373053,20.1045,11.10,PN,0.67
NGC6907,20.418508,-24.8092,11.16,G,3.33
NGC6910,20.386681,40.7786,6.53,OC,6.30
NGC6925,20.572381,-31.9809,11.35,G,4.68
NGC6934,20.569858,7.4041,9.75,GC,5.40
NGC6939,20.525036,60.6621,7.80,OC,12.00
NGC6940,20.574081,28.2827,6.30,OC,10.80
NGC6943,20.742706,-68.7477,11.39,G,3.75
NGC6946,20.581200,60.1539,9.05,G,11.40
NGC6951,20.620581,66.1056,11.36,G,3.19
NGC6958,20.811831,-37.9974,11.40,G,2.44
NGC6960,20.766161,30.5951,6.40,SNR,210.00
NGC6992,20.938631,31.7428,6.40,SNR,60.00
NGC6995,20.952989,31.2352,6.40,SNR,12.00
NGC6997,20.944292,44.6315,10.00,OC,6.90
NGC7000,20.988094,44.5288,3.40,N,120.00
NGC7006,21.024792,16.1875,10.46,GC,4.20
NGC7008,21.009111,54.5432,10.70,PN,1.43
NGC7009,21.069664,-11.3632,7.70,PN,0.70
NGC7013,21.059328,29.8975,11.30,G,4.16
NGC7023,21.026561,68.1696,6.60,N,10.00
NGC7026,21.105133,47.8522,10.90,PN,0.33
NGC7027,21.117092,42.2365,8.50,PN,0.23
NGC7031,21.120153,50.8756,9.10,OC,3.90
NGC7039,21.179944,45.6218,7.46,OC,7.80
NGC7041,21.275661,-48.3636,11.30,G,3.46
NGC7048,21.237556,46.2886,10.70,PN,1.02
NGC7049,21.316750,-48.5622,10.55,G,3.94
NGC7062,21.390967,46.3785,8.30,OC,3.60
NGC7063,21.406028,36.4875,6.72,OC,6.30
NGC7067,21.406422,48.0093,9.70,OC,2.40
NGC7082,21.488261,47.1263,7.10,OC,9.00
NGC7083,21.595747,-63.9028,11.24,G,3.56
NGC7086,21.507653,51.6005,8.40,OC,4.80
NGC7090,21.608017,-54.5573,10.71,G,8.15
NGC7128,21.732725,53.7151,9.70,OC,3.00
NGC7129,21.716397,66.1130,10.90,OC,2.10
NGC7142,21.752642,65.7744,9.30,OC,9.60
NGC7144,21.878453,-48.2537,11.00,G,3.41
NGC7145,21.888956,-47.8824,11.12,G,2.95
NGC7160,21.894519,62.6033,5.74,OC,4.20
NGC7177,22.011456,17.7381,11.13,G,2.85
NGC7184,22.044394,-20.8128,11.00,G,5.98
NGC7192,22.113933,-64.3162,11.28,G,2.42
NGC7205,22.142858,-57.4426,10.96,G,3.70
NGC7209,22.085511,46.4835,7.64,OC,6.00
NGC7213,22.154531,-47.1666,10.39,G,4.84
NGC7217,22.131219,31.3593,10.43,G,4.52
NGC7226,22.174136,55.3986,9.51,OC,3.00
NGC7234,22.206950,57.2713,7.70,OC,2.40
NGC7243,22.252383,49.8975,5.94,OC,15.00
NGC7245,22.253197,54.3426,9.20,OC,3.90
NGC7261,22.335108,58.0518,8.40,OC,6.90
NGC7293,22.494047,-20.8373,6.90,PN,16.33
NGC7295,22.467456,52.2891,9.70,OC,2.70
NGC7314,22.596164,-26.0505,11.00,G,4.21
NGC7331,22.617781,34.4155,9.41,G,9.27
NGC7332,22.623483,23.7983,11.05,G,2.95
NGC7377,22.796528,-22.3121,11.19,G,3.92
NGC7380,22.789169,58.1324,7.02,OC,25.00
NGC7410,22.916931,-39.6613,10.64,G,6.01
NGC7412,22.929375,-42.6420,11.17,G,3.79
NGC7418,22.943378,-37.0301,11.04,G,3.66
NGC7424,22.955103,-41.0706,10.18,G,5.01
NGC7448,23.000997,15.9803,11.50,G,2.07
NGC7457,23.016647,30.1449,10.98,G,3.95
NGC7479,23.082403,12.3229,11.09,G,3.65
NGC7492,23.140744,-15.6115,10.48,GC,3.00
NGC7496,23.163136,-43.4279,11.29,G,3.40
NGC7507,23.202108,-28.5396,10.04,G,3.33
NGC7510,23.184383,60.5709,7.90,OC,3.90
NGC7531,23.246806,-43.5999,11.25,G,4.11
NGC7552,23.269656,-42.5847,10.59,G,3.88
NGC7582,23.306528,-42.3706,10.76,G,6.95
NGC7590,23.315225,-42.2391,11.49,G,3.03
NGC7599,23.322539,-42.2568,11.35,G,4.81
NGC7606,23.317994,-8.4851,10.99,G,5.26
NGC7619,23.337369,8.2062,11.06,G,2.53
NGC7626,23.345153,8.2170,11.12,G,2.50
NGC7635,23.346000,61.2124,10.40,N,15.00
NGC7640,23.368494,40.8454,11.01,G,8.09
NGC7662,23.431639,42.5349,8.30,PN,0.28
NGC7686,23.502050,49.1341,5.60,OC,3.60
NGC7689,23.554647,-54.0945,10.84,G,3.10
NGC7713,23.604164,-37.9381,10.89,G,4.91
NGC7723,23.649189,-12.9611,11.21,G,3.29
NGC7727,23.664922,-12.2928,10.64,G,3.61
NGC7741,23.731769,26.0756,11.22,G,3.63
NGC7788,23.945994,61.3999,9.40,OC,2.40
NGC7789,23.956683,56.7083,6.70,OC,14.40
NGC7790,23.973406,61.2083,8.50,OC,3.60
NGC7793,23.963842,-32.5910,9.10,G,10.42
NGC7796,23.983269,-55.4583,11.47,G,2.73
NGC7814,0.054136,16.1454,10.60,G,4.37
IC10,0.338150,59.3038,10.35,G,6.76
IC127,1.496558,-6.9801,9.20,G,1.69
IC142,1.565425,30.7578,10.70,N,0.50
IC143,1.569703,30.7764,10.80,N,0.30
IC239,2.607744,38.9699,11.20,G,4.25
IC334,3.754744,76.6383,11.50,G,2.34
IC341,3.682136,21.9602,99.00,N,134.90
IC342,3.780139,68.0964,9.08,G,19.77
IC353,3.883631,25.8480,99.00,N,181.97
IC354,3.899419,23.1470,99.00,N,128.82
IC356,4.129697,69.8124,10.24,G,4.02
IC360,4.150714,26.1312,99.00,N,180.00
IC405,5.274856,34.3562,9.40,N,50.00
IC410,5.378333,33.3667,99.00,N,40.00
IC418,5.457831,-12.6973,9.44,PN,0.20
IC434,5.683578,-2.4538,10.40,N,90.00
IC443,6.277058,22.5317,11.40,SNR,50.00
IC444,6.309444,23.3133,6.43,N,8.00
IC447,6.516756,9.8974,7.10,N,25.00
IC1029,14.540906,49.9046,11.29,G,2.78
IC1266,17.759806,-46.0899,10.99,PN,0.16
IC1284,18.294342,-19.6720,7.10,N,16.98
IC1287,18.523803,-10.7958,5.50,N,20.00
IC1297,19.289833,-39.6131,10.00,PN,0.12
IC1442,22.267036,53.9913,8.93,OC,4.20
IC1459,22.952947,-36.4622,10.34,G,4.61
IC1470,23.086169,60.2441,10.90,N,1.80
IC1613,1.079942,2.1178,9.41,G,18.32
IC1633,1.165439,-45.9312,11.39,G,2.90
IC1727,1.791636,27.3334,11.48,G,6.52
IC1805,2.544864,61.4569,6.43,OC,60.00
IC1831,2.732333,62.4116,99.00,N,120.23
IC1848,2.852942,60.4025,6.27,OC,40.00
IC2003,3.939453,33.8749,11.40,PN,0.14
IC2006,3.907903,-35.9671,11.34,G,2.36
IC2051,3.866897,-83.8307,11.23,G,2.86
IC2067,4.514175,35.4462,11.49,N,0.00
IC2105,4.824072,-69.2009,9.30,OC,0.65
IC2128,5.378936,-68.0611,11.10,OC,4.80
IC2149,5.939969,46.1048,10.57,PN,0.14
IC2157,6.079883,24.0710,8.31,OC,2.70
IC2163,6.274439,-21.3759,11.11,G,3.37
IC2165,6.361861,-12.9872,10.50,PN,0.15
IC2391,8.675522,-53.0355,2.50,OC,29.10
IC2395,8.708364,-48.1506,4.60,OC,6.00
IC2448,9.118406,-69.9418,10.40,PN,0.15
IC2469,9.383628,-32.4497,11.09,G,5.79
IC2488,9.460619,-57.0069,7.40,OC,7.20
IC2501,9.646439,-60.0919,10.40,PN,0.03
IC2553,10.155797,-62.6137,10.30,PN,0.15
IC2574,10.473189,68.4121,10.22,G,12.91
IC2581,10.458097,-57.6173,4.19,OC,6.00
IC2621,11.005553,-65.2494,10.70,PN,0.08
IC2714,11.290931,-62.7251,8.20,OC,7.20
IC2944,11.596369,-63.0198,3.90,OC,7.20
IC3370,12.460369,-39.3378,11.18,G,3.12
IC3568,12.551883,82.5639,10.60,PN,0.38
IC3896,12.945342,-50.3469,11.31,G,3.05
IC4191,13.146453,-67.6438,10.60,PN,0.08
IC4214,13.295192,-32.1017,11.40,G,2.96
IC4291,13.615669,-62.0931,9.70,OC,5.10
IC4296,13.610842,-33.9658,10.51,G,4.62
IC4329,13.818142,-30.2959,10.97,G,4.74
IC4402,14.353636,-46.2979,11.44,G,5.78
IC4406,14.374022,-44.1502,10.00,PN,0.58
IC4499,15.005347,-82.2135,8.56,GC,5.10
IC4544,15.489719,-50.5834,6.40,Other,0.00
IC4592,16.199631,-19.4547,3.30,N,60.00
IC4593,16.195694,12.0714,10.33,PN,0.66
IC4604,16.425325,-23.4366,4.50,N,60.00
IC4605,16.503467,-25.1152,4.10,N,30.00
IC4628,16.949564,-40.4510,99.00,N,89.13
IC4634,17.025997,-21.8260,10.10,PN,0.14
IC4651,17.413650,-49.9382,6.90,OC,9.60
IC4662,17.785797,-64.6418,11.10,G,2.09
IC4665,17.774217,5.6487,3.89,OC,24.60
IC4678,18.109297,-23.9544,9.80,N,0.00
IC4699,18.309108,-45.9831,11.30,PN,0.08
IC4701,18.276594,-16.6483,99.00,N,60.00
IC4703,18.315617,-13.8454,5.98,N,5.05
IC4756,18.647642,5.4622,4.36,OC,24.00
IC4765,18.788314,-63.3313,11.19,G,3.79
IC4776,18.764083,-33.3431,10.80,PN,0.12
IC4797,18.941578,-54.3058,11.32,G,2.62
IC4816,19.030700,-13.1618,3.90,Other,0.00
IC4889,19.754208,-54.3441,11.22,G,2.99
IC4901,19.906536,-58.7136,11.37,G,3.68
IC4996,20.275908,37.5553,7.27,OC,6.00
IC4997,20.335778,16.7317,10.50,PN,0.03
IC5052,20.868214,-69.2016,11.09,G,7.16
IC5068,20.841600,42.4777,99.00,N,40.00
IC5070,20.850200,44.4015,7.40,N,60.00
IC5117,21.541936,44.5966,11.50,PN,0.02
IC5146,21.891322,47.2669,7.20,OC,10.00
IC5148,21.993111,-39.3858,11.00,PN,2.30
IC5152,22.044864,-51.2964,9.80,G,5.13
IC5181,22.222694,-46.0176,11.48,G,2.65
IC5201,22.349289,-46.0359,10.78,G,6.70
IC5217,22.398806,50.9667,11.30,PN,0.11
IC5250A,22.788194,-65.0597,11.11,G,1.51
IC5267,22.953769,-43.3961,10.43,G,5.58
IC5273,22.990750,-37.7029,11.45,G,3.07
IC5325,23.478731,-41.3335,11.27,G,2.88
IC5328,23.554572,-45.0160,11.37,G,2.99
IC5332,23.574303,-36.1011,10.03,G,6.07
